Date,IMAX,CNK,AMC
1/2/2020,20.50,34.07,32.91
1/3/2020,20.71,33.92,32.29
1/6/2020,20.82,33.94,31.41
1/7/2020,20.90,33.89,31.46
1/8/2020,20.00,32.11,29.21
1/9/2020,19.60,31.00,28.50
1/10/2020,19.63,31.13,28.54
1/13/2020,19.92,31.41,28.94
1/14/2020,20.17,31.63,30.22
1/15/2020,20.24,32.20,31.37
1/16/2020,20.51,32.36,32.34
1/17/2020,20.42,32.43,32.12
1/21/2020,19.54,32.01,31.68
1/22/2020,19.02,32.36,30.75
1/23/2020,18.29,32.30,30.00
1/24/2020,17.97,32.22,29.74
1/27/2020,17.21,31.88,28.06
1/28/2020,17.54,32.52,29.96
1/29/2020,17.12,32.43,29.87
1/30/2020,17.14,32.51,30.18
1/31/2020,16.54,31.51,28.76
2/3/2020,16.82,31.08,28.46
2/4/2020,16.86,31.19,29.34
2/5/2020,17.71,32.18,30.88
2/6/2020,17.99,31.65,29.78
2/7/2020,17.17,31.50,28.90
2/10/2020,17.15,31.57,29.96
2/11/2020,17.11,31.54,30.62
2/12/2020,17.77,31.34,30.26
2/13/2020,17.61,31.02,30.88
2/14/2020,17.82,30.77,31.32
2/18/2020,17.10,31.71,31.06
2/19/2020,17.10,32.12,32.25
2/20/2020,17.20,32.67,34.24
2/21/2020,16.90,29.14,32.91
2/24/2020,16.58,28.69,31.10
2/25/2020,15.98,27.00,28.90
2/26/2020,15.47,25.48,26.16
2/27/2020,15.34,25.17,26.87
2/28/2020,15.58,25.96,27.62
3/2/2020,15.50,24.74,26.96
3/3/2020,15.32,24.15,25.63
3/4/2020,15.50,24.19,25.68
3/5/2020,14.82,23.08,21.71
3/6/2020,15.03,23.58,19.99
3/9/2020,14.45,21.01,16.99
3/10/2020,15.28,22.01,18.53
3/11/2020,14.61,19.49,16.06
3/12/2020,10.85,14.68,12.84
3/13/2020,11.10,14.70,14.21
3/16/2020,9.15,10.13,11.47
3/17/2020,7.16,6.96,10.94
3/18/2020,7.20,6.58,10.90
3/19/2020,11.47,11.39,14.87
3/20/2020,10.58,11.42,14.07
3/23/2020,10.76,12.29,13.90
3/24/2020,10.70,11.58,15.71
3/25/2020,10.14,11.63,15.26
3/26/2020,10.25,12.68,16.32
3/27/2020,9.08,12.30,15.88
3/30/2020,8.53,10.10,13.41
3/31/2020,9.05,10.19,13.94
4/1/2020,8.38,8.03,11.56
4/2/2020,8.80,8.41,9.88
4/3/2020,9.33,8.39,10.01
4/6/2020,9.92,9.28,12.71
4/7/2020,10.13,10.85,13.85
4/8/2020,10.28,11.35,14.56
4/9/2020,10.73,12.50,11.47
4/13/2020,10.22,10.80,9.18
4/14/2020,10.48,11.39,9.62
4/15/2020,10.22,11.43,10.63
4/16/2020,10.12,11.61,10.76
4/17/2020,11.03,13.48,14.12
4/20/2020,11.84,13.52,14.03
4/21/2020,11.57,13.53,14.34
4/22/2020,10.92,12.53,14.03
4/23/2020,11.01,12.84,13.72
4/24/2020,10.64,12.20,13.46
4/27/2020,11.08,13.25,14.82
4/28/2020,12.19,14.11,18.26
4/29/2020,12.59,15.34,22.90
4/30/2020,11.50,14.28,21.71
5/1/2020,11.61,13.52,20.16
5/4/2020,11.83,13.70,18.97
5/5/2020,11.61,13.24,17.16
5/6/2020,11.36,12.79,17.29
5/7/2020,11.81,13.61,17.60
5/8/2020,12.15,14.13,18.09
5/11/2020,12.13,13.58,23.47
5/12/2020,11.80,13.08,22.59
5/13/2020,11.63,12.18,20.29
5/14/2020,11.49,11.99,20.07
5/15/2020,11.36,11.88,19.94
5/18/2020,12.01,13.29,20.82
5/19/2020,11.71,12.98,20.12
5/20/2020,12.25,13.96,20.56
5/21/2020,12.69,14.22,20.43
5/22/2020,12.60,14.04,20.21
5/26/2020,12.61,15.45,22.54
5/27/2020,13.22,17.24,24.71
5/28/2020,12.18,15.30,22.37
5/29/2020,12.61,15.03,22.63
6/1/2020,12.87,15.62,23.43
6/2/2020,13.04,15.95,24.66
6/3/2020,13.28,16.34,24.04
6/4/2020,13.44,16.72,23.74
6/5/2020,13.89,17.64,26.07
6/8/2020,14.02,19.66,28.46
6/9/2020,13.95,18.16,26.43
6/10/2020,13.42,17.07,27.75
6/11/2020,12.62,14.97,22.81
6/12/2020,12.78,15.64,25.99
6/15/2020,13.14,15.33,25.59
6/16/2020,12.65,15.31,24.53
6/17/2020,12.20,14.71,23.91
6/18/2020,12.20,15.36,24.84
6/19/2020,11.73,14.06,24.35
6/22/2020,11.45,14.17,23.51
6/23/2020,11.58,13.96,22.50
6/24/2020,11.10,12.81,21.13
6/25/2020,10.86,12.37,18.84
6/26/2020,10.54,11.39,18.44
6/29/2020,11.13,11.65,19.50
6/30/2020,11.21,11.55,18.93
7/1/2020,11.20,12.83,20.16
7/2/2020,10.55,12.27,19.99
7/6/2020,11.49,12.59,18.88
7/7/2020,11.17,12.22,18.22
7/8/2020,11.53,13.00,19.54
7/9/2020,11.59,12.84,20.16
7/10/2020,11.99,13.04,20.29
7/13/2020,11.41,12.68,18.79
7/14/2020,11.26,12.33,18.62
7/15/2020,12.83,14.25,19.85
7/16/2020,13.59,13.73,19.32
7/17/2020,13.40,13.59,18.84
7/20/2020,13.35,12.93,18.31
7/21/2020,13.06,12.82,18.31
7/22/2020,12.91,12.65,17.78
7/23/2020,12.84,12.57,17.91
7/24/2020,12.52,12.21,17.65
7/27/2020,12.64,12.08,17.07
7/28/2020,12.56,12.39,18.31
7/29/2020,11.22,11.49,18.35
7/30/2020,11.64,11.87,18.18
7/31/2020,11.29,11.83,17.82
8/3/2020,11.33,11.86,18.13
8/4/2020,11.48,12.30,18.09
8/5/2020,11.90,11.50,18.31
8/6/2020,11.48,10.50,18.26
8/7/2020,11.86,11.06,20.96
8/10/2020,11.93,11.04,19.72
8/11/2020,12.64,11.87,20.12
8/12/2020,12.13,11.47,20.47
8/13/2020,12.60,11.81,23.43
8/14/2020,12.81,12.67,24.44
8/17/2020,12.90,12.79,24.71
8/18/2020,12.89,11.04,23.60
8/19/2020,13.21,11.15,23.78
8/20/2020,13.24,12.40,25.10
8/21/2020,13.13,12.37,22.90
8/24/2020,14.39,13.65,23.87
8/25/2020,14.56,13.61,24.44
8/26/2020,14.70,13.12,24.71
8/27/2020,15.46,14.22,28.76
8/28/2020,15.70,15.26,27.79
8/31/2020,15.37,14.65,25.94
9/1/2020,15.04,14.76,26.78
9/2/2020,15.89,16.08,31.06
9/3/2020,15.40,15.85,29.12
9/4/2020,16.01,15.84,30.97
9/8/2020,15.21,14.31,28.32
9/9/2020,14.91,13.74,27.62
9/10/2020,14.31,12.74,26.21
9/11/2020,13.46,12.04,25.54
9/14/2020,13.32,12.11,24.44
9/15/2020,13.59,12.39,24.35
9/16/2020,13.61,12.50,25.41
9/17/2020,13.33,11.99,25.24
9/18/2020,13.41,11.60,25.01
9/21/2020,12.73,11.16,23.47
9/22/2020,13.15,11.17,22.99
9/23/2020,12.05,10.50,21.09
9/24/2020,11.80,9.94,20.34
9/25/2020,12.23,10.43,21.53
9/28/2020,12.16,10.31,21.66
9/29/2020,11.95,9.85,21.44
9/30/2020,11.96,10.00,20.78
10/1/2020,11.61,10.06,20.51
10/2/2020,11.27,10.09,20.51
10/5/2020,11.06,8.33,18.22
10/6/2020,11.43,8.60,17.91
10/7/2020,11.37,8.43,17.82
10/8/2020,11.62,8.77,18.26
10/9/2020,11.62,8.43,17.87
10/12/2020,11.89,8.59,18.00
10/13/2020,11.24,7.93,15.62
10/14/2020,11.06,8.06,13.06
10/15/2020,11.23,7.87,12.26
10/16/2020,11.20,7.86,13.41
10/19/2020,11.20,8.39,15.62
10/20/2020,11.21,8.65,13.63
10/21/2020,11.36,8.61,13.24
10/22/2020,11.67,9.31,13.76
10/23/2020,11.56,9.36,13.10
10/26/2020,11.56,8.66,12.13
10/27/2020,11.71,8.45,12.31
10/28/2020,11.79,8.24,11.51
10/29/2020,11.49,8.42,11.12
10/30/2020,11.53,8.19,10.41
11/2/2020,11.15,8.32,9.49
11/3/2020,11.65,8.64,10.32
11/4/2020,11.41,8.54,10.19
11/5/2020,12.02,9.07,10.85
11/6/2020,11.82,9.01,10.99
11/9/2020,14.02,13.08,16.63
11/10/2020,14.06,13.56,15.49
11/11/2020,14.52,13.17,13.81
11/12/2020,14.05,12.33,12.97
11/13/2020,14.35,13.64,13.10
11/16/2020,14.93,14.26,13.72
11/17/2020,15.30,14.80,13.15
11/18/2020,15.47,14.91,14.38
11/19/2020,15.10,14.52,14.07
11/20/2020,15.09,14.69,14.78
11/23/2020,15.49,15.66,16.81
11/24/2020,15.65,16.95,20.21
11/25/2020,15.24,16.61,19.81
11/27/2020,15.48,16.78,19.63
11/30/2020,14.83,15.45,18.84
12/1/2020,15.13,16.27,18.31
12/2/2020,15.41,17.04,19.06
12/3/2020,14.17,13.30,16.01
12/4/2020,14.70,14.45,15.49
12/7/2020,14.46,13.80,15.71
12/8/2020,14.90,15.02,17.56
12/9/2020,15.21,15.15,17.03
12/10/2020,15.51,14.99,18.04
12/11/2020,15.35,16.25,17.29
12/14/2020,14.61,15.70,14.07
12/15/2020,15.27,16.25,12.62
12/16/2020,14.94,15.97,12.26
12/17/2020,15.40,16.67,12.57
12/18/2020,15.73,16.23,12.35
12/21/2020,15.84,16.12,11.82
12/22/2020,16.03,15.52,11.43
12/23/2020,16.92,16.58,11.29
12/24/2020,17.01,16.51,11.07
12/28/2020,17.70,16.97,10.54
12/29/2020,17.85,17.42,10.10
12/30/2020,18.45,17.78,9.53
12/31/2020,18.02,17.41,9.35
1/4/2021,17.60,16.16,8.87
1/5/2021,18.17,16.59,8.74
1/6/2021,18.55,17.16,8.87
1/7/2021,18.10,17.12,9.04
1/8/2021,18.28,17.47,9.44
1/11/2021,17.97,16.90,9.71
1/12/2021,18.20,17.72,10.10
1/13/2021,18.14,17.69,9.62
1/14/2021,18.93,18.98,9.62
1/15/2021,18.34,19.11,10.28
1/19/2021,18.56,19.48,13.50
1/20/2021,18.62,19.24,13.10
1/21/2021,18.30,18.57,13.15
1/22/2021,18.47,19.56,15.49
1/25/2021,18.73,21.24,19.50
1/26/2021,18.81,20.99,21.88
1/27/2021,19.37,22.02,87.79
1/28/2021,19.33,21.27,38.07
1/29/2021,18.90,20.24,58.50
2/1/2021,19.73,20.45,58.68
2/2/2021,18.80,18.85,34.50
2/3/2021,18.87,19.79,39.57
2/4/2021,18.30,20.19,31.28
2/5/2021,18.29,19.82,30.13
2/8/2021,18.20,19.81,27.26
2/9/2021,17.87,19.56,24.26
2/10/2021,18.65,20.84,25.59
2/11/2021,18.40,20.57,24.75
2/12/2021,18.64,20.58,24.66
2/16/2021,19.85,21.28,24.93
2/17/2021,20.25,21.13,24.49
2/18/2021,19.98,21.01,24.31
2/19/2021,19.51,21.83,25.15
2/22/2021,20.60,23.21,28.90
2/23/2021,20.51,23.16,33.97
2/24/2021,20.84,24.11,40.10
2/25/2021,20.53,22.79,36.57
2/26/2021,20.67,22.45,35.34
3/1/2021,21.44,23.90,40.50
3/2/2021,21.46,23.88,39.40
3/3/2021,21.67,24.14,37.85
3/4/2021,20.71,23.83,35.43
3/5/2021,24.59,24.29,35.51
3/8/2021,23.39,24.48,40.99
3/9/2021,23.16,23.98,46.32
3/10/2021,22.81,24.48,43.46
3/11/2021,23.38,23.88,45.35
3/12/2021,23.45,24.01,49.24
3/15/2021,23.46,25.82,61.94
3/16/2021,21.30,24.35,57.44
3/17/2021,21.24,24.15,59.82
3/18/2021,21.22,23.56,61.76
3/19/2021,21.33,23.64,61.46
3/22/2021,21.04,22.36,55.10
3/23/2021,20.18,20.72,47.03
3/24/2021,19.89,20.00,39.79
3/25/2021,20.39,20.79,48.26
3/26/2021,19.77,20.57,45.18
3/29/2021,19.86,20.09,45.66
3/30/2021,20.18,20.42,45.66
3/31/2021,20.10,20.41,45.04
4/1/2021,20.97,21.50,41.29
4/5/2021,21.91,23.03,46.81
4/6/2021,22.03,23.45,45.00
4/7/2021,21.88,23.05,43.46
4/8/2021,22.00,22.97,43.19
4/9/2021,21.61,22.63,41.56
4/12/2021,21.28,21.95,38.03
4/13/2021,20.93,21.54,39.00
4/14/2021,21.04,21.72,41.25
4/15/2021,21.09,21.75,43.68
4/16/2021,21.16,21.26,41.16
4/19/2021,21.75,22.06,42.62
4/20/2021,20.74,20.52,40.94
4/21/2021,21.15,21.03,43.15
4/22/2021,21.36,21.25,44.07
4/23/2021,21.95,21.47,44.82
4/26/2021,22.43,22.28,50.74
4/27/2021,21.97,22.11,50.56
4/28/2021,22.18,21.79,47.87
4/29/2021,21.28,21.60,45.00
4/30/2021,20.62,21.20,44.25
5/3/2021,21.33,22.14,42.84
5/4/2021,21.18,22.04,41.43
5/5/2021,20.68,21.12,40.46
5/6/2021,20.21,20.49,39.71
5/7/2021,20.92,21.57,41.96
5/10/2021,20.92,21.49,42.97
5/11/2021,20.57,21.42,44.34
5/12/2021,19.65,20.32,45.53
5/13/2021,20.46,21.06,56.34
5/14/2021,20.61,22.23,57.26
5/17/2021,20.87,22.07,61.54
5/18/2021,20.57,22.26,61.90
5/19/2021,20.80,22.31,55.76
5/20/2021,21.21,21.93,55.37
5/21/2021,21.38,21.74,53.29
5/24/2021,21.79,22.64,60.35
5/25/2021,21.61,22.85,72.40
5/26/2021,21.60,23.23,86.29
5/27/2021,22.59,23.97,117.00
5/28/2021,21.61,22.66,115.24
6/1/2021,22.27,24.41,141.35
6/2/2021,21.99,24.97,275.96
6/3/2021,21.93,23.07,226.50
6/4/2021,21.43,22.21,211.37
6/7/2021,22.04,22.65,242.65
6/8/2021,23.23,23.38,242.87
6/9/2021,23.23,23.21,217.68
6/10/2021,22.55,22.24,188.87
6/11/2021,22.74,22.87,217.94
6/14/2021,22.33,22.14,251.47
6/15/2021,21.83,22.10,260.47
6/16/2021,21.94,22.50,243.44
6/17/2021,21.85,21.91,267.93
6/18/2021,21.59,21.88,261.44
6/21/2021,21.53,22.02,245.69
6/22/2021,21.39,21.95,257.07
6/23/2021,21.45,22.56,257.21
6/24/2021,22.23,22.88,250.15
6/25/2021,22.77,22.73,238.50
6/28/2021,22.26,22.12,256.37
6/29/2021,21.41,21.87,248.96
6/30/2021,21.50,21.95,250.06
7/1/2021,21.80,22.04,239.21
7/2/2021,21.44,21.68,229.24
7/6/2021,20.58,20.74,220.41
7/7/2021,19.75,19.65,198.84
7/8/2021,19.54,19.63,211.50
7/9/2021,19.85,20.33,203.78
7/12/2021,19.24,18.98,187.99
7/13/2021,18.42,17.63,173.60
7/14/2021,17.91,16.93,147.49
7/15/2021,17.43,16.21,158.82
7/16/2021,16.79,15.86,154.24
7/19/2021,16.25,15.10,152.74
7/20/2021,16.67,15.76,190.10
7/21/2021,17.20,16.90,179.91
7/22/2021,16.86,16.24,164.29
7/23/2021,16.94,15.82,163.19
7/26/2021,17.46,16.65,177.75
7/27/2021,16.85,16.08,167.69
7/28/2021,16.49,16.09,171.62
7/29/2021,16.45,15.80,168.22
7/30/2021,16.14,15.53,163.32
8/2/2021,16.01,15.34,155.29
8/3/2021,15.60,15.07,148.19
8/4/2021,15.14,14.33,131.65
8/5/2021,15.37,15.34,147.84
8/6/2021,15.38,15.63,144.26
8/9/2021,14.67,15.02,149.12
8/10/2021,14.56,14.87,140.07
8/11/2021,14.84,15.13,139.19
8/12/2021,14.63,14.83,145.90
8/13/2021,14.60,14.47,147.66
8/16/2021,14.52,14.64,157.46
8/17/2021,14.45,14.78,163.94
8/18/2021,14.19,14.76,161.25
8/19/2021,13.67,13.94,149.21
8/20/2021,14.00,14.48,151.81
8/23/2021,14.96,15.64,162.26
8/24/2021,15.84,16.10,195.26
8/25/2021,15.56,17.06,193.94
8/26/2021,15.43,17.14,177.84
8/27/2021,15.68,17.25,180.18
8/30/2021,15.50,16.99,191.16
8/31/2021,15.71,17.83,207.93
9/1/2021,15.53,17.01,192.75
9/2/2021,15.63,17.18,195.79
9/3/2021,15.23,17.01,194.21
9/7/2021,15.73,17.68,211.01
9/8/2021,15.43,17.42,209.12
9/9/2021,15.61,17.30,214.06
9/10/2021,15.35,16.84,221.29
9/13/2021,16.64,18.29,228.04
9/14/2021,16.41,18.09,208.68
9/15/2021,16.70,18.01,206.65
9/16/2021,17.01,17.86,203.12
9/17/2021,16.81,17.95,195.00
9/20/2021,16.51,17.53,177.75
9/21/2021,16.44,17.57,171.26
9/22/2021,16.69,17.93,176.82
9/23/2021,17.89,18.82,176.38
9/24/2021,17.88,18.84,176.51
9/27/2021,18.50,19.22,173.38
9/28/2021,18.40,18.90,163.19
9/29/2021,18.77,19.13,156.79
9/30/2021,18.98,19.21,167.91
10/1/2021,19.71,19.92,169.68
10/4/2021,20.60,21.06,162.22
10/5/2021,20.99,21.81,163.50
10/6/2021,20.95,21.83,162.49
10/7/2021,21.34,21.33,168.26
10/8/2021,21.28,21.16,164.07
10/11/2021,20.89,19.40,164.34
10/12/2021,20.86,19.80,162.44
10/13/2021,20.60,19.52,167.25
10/14/2021,20.51,20.24,176.78
10/15/2021,20.43,20.18,179.74
10/18/2021,20.22,20.69,189.84
10/19/2021,20.16,20.21,180.00
10/20/2021,20.92,20.16,180.35
10/21/2021,20.55,19.79,173.12
10/22/2021,21.85,20.44,161.47
10/25/2021,21.40,20.19,162.49
10/26/2021,21.13,19.94,159.04
10/27/2021,20.69,19.45,153.35
10/28/2021,20.09,19.55,155.43
10/29/2021,18.85,18.80,156.04
11/1/2021,19.70,20.90,163.54
11/2/2021,19.71,20.71,171.13
11/3/2021,19.97,20.83,179.96
11/4/2021,19.69,20.43,176.69
11/5/2021,20.75,22.11,183.97
11/8/2021,20.80,21.65,198.79
11/9/2021,20.35,21.76,176.16
11/10/2021,20.48,21.23,168.93
11/11/2021,20.75,21.25,174.09
11/12/2021,20.32,20.45,176.47
11/15/2021,19.92,20.53,188.29
11/16/2021,19.96,20.53,187.94
11/17/2021,18.80,19.56,185.87
11/18/2021,18.72,19.09,178.28
11/19/2021,18.30,17.98,180.31
11/22/2021,18.57,18.02,181.94
11/23/2021,18.19,17.22,172.76
11/24/2021,18.44,16.91,171.57
11/26/2021,17.17,16.00,166.01
11/29/2021,17.12,16.22,162.53
11/30/2021,16.49,15.52,149.74
12/1/2021,15.92,15.21,126.04
12/2/2021,16.90,15.75,133.59
12/3/2021,16.70,15.42,127.99
12/6/2021,17.39,16.61,127.01
12/7/2021,17.59,17.07,136.94
12/8/2021,17.97,17.08,142.72
12/9/2021,17.73,16.90,129.97
12/10/2021,18.27,16.88,121.06
12/13/2021,17.35,16.14,102.53
12/14/2021,17.12,16.26,108.09
12/15/2021,17.64,16.46,108.79
12/16/2021,17.37,16.16,107.87
12/17/2021,17.84,16.21,128.47
12/20/2021,17.56,16.61,131.03
12/21/2021,18.30,17.23,133.68
12/22/2021,18.47,17.33,126.53
12/23/2021,18.38,17.43,125.82
12/27/2021,18.13,16.76,126.62
12/28/2021,18.26,16.74,122.29
12/29/2021,18.09,16.52,123.31
12/30/2021,17.89,16.48,127.68
12/31/2021,17.84,16.12,120.00
1/3/2022,18.92,17.02,117.00
1/4/2022,19.58,17.22,112.46
1/5/2022,18.77,16.79,100.37
1/6/2022,18.41,16.76,99.09
1/7/2022,19.00,17.17,101.43
1/10/2022,19.03,16.99,100.50
1/11/2022,19.06,17.09,100.54
1/12/2022,19.04,17.22,100.24
1/13/2022,18.75,17.14,91.15
1/14/2022,18.61,17.38,90.75
1/18/2022,18.11,16.90,83.12
1/19/2022,17.72,16.42,80.82
1/20/2022,17.45,16.33,79.72
1/21/2022,17.17,16.00,79.28
1/24/2022,17.18,15.50,73.41
1/25/2022,16.97,15.76,70.68
1/26/2022,16.59,15.57,70.32
1/27/2022,15.93,14.26,64.06
1/28/2022,16.33,14.34,66.44
1/31/2022,17.25,15.10,70.85
2/1/2022,18.58,15.71,74.38
2/2/2022,17.63,15.23,68.03
2/3/2022,17.24,15.13,65.60
2/4/2022,17.32,15.42,67.72
2/7/2022,18.07,15.86,65.78
2/8/2022,18.89,16.47,72.49
2/9/2022,19.77,17.25,83.56
2/10/2022,19.66,17.17,82.01
2/11/2022,19.58,17.11,82.99
2/14/2022,19.41,17.21,78.31
2/15/2022,20.68,18.35,85.94
2/16/2022,20.45,18.25,86.78
2/17/2022,20.31,17.85,83.56
2/18/2022,20.29,17.51,78.97
2/22/2022,19.76,16.96,72.66
2/23/2022,19.48,16.65,69.40
2/24/2022,21.14,17.75,78.00
2/25/2022,20.56,17.72,77.91
2/28/2022,20.68,17.54,83.21
3/1/2022,19.55,17.18,80.82
3/2/2022,20.49,17.48,81.75
3/3/2022,20.27,17.53,79.68
3/4/2022,20.04,17.29,73.10
3/7/2022,18.13,15.04,67.10
3/8/2022,17.68,15.64,67.90
3/9/2022,18.29,16.37,69.31
3/10/2022,17.62,15.98,67.59
3/11/2022,17.05,15.43,63.09
3/14/2022,17.11,15.31,59.82
3/15/2022,17.38,16.00,63.88
3/16/2022,18.18,16.47,67.19
3/17/2022,18.15,16.37,67.01
3/18/2022,17.97,16.07,69.71
3/21/2022,18.23,16.07,69.97
3/22/2022,19.29,16.78,80.56
3/23/2022,19.40,17.10,91.50
3/24/2022,19.42,17.11,89.25
3/25/2022,19.46,17.07,89.29
3/28/2022,19.69,17.63,129.40
3/29/2022,19.31,17.95,129.88
3/30/2022,19.24,17.43,113.29
3/31/2022,18.93,17.28,108.71
4/1/2022,18.51,17.14,102.79
4/4/2022,18.49,17.28,102.84
4/5/2022,17.66,16.54,93.57
4/6/2022,17.46,16.07,89.96
4/7/2022,17.04,15.73,87.04
4/8/2022,16.95,15.75,80.47
4/11/2022,16.78,16.32,82.59
4/12/2022,16.92,16.67,76.85
4/13/2022,17.08,17.41,81.75
4/14/2022,16.84,17.02,79.50
4/18/2022,16.67,16.93,77.12
4/19/2022,16.85,17.30,82.41
4/20/2022,16.57,16.98,76.50
4/21/2022,16.20,16.66,74.34
4/22/2022,16.00,16.61,72.88
4/25/2022,16.01,16.64,74.82
4/26/2022,15.39,16.22,68.38
4/27/2022,15.08,16.06,69.93
4/28/2022,14.98,15.86,69.00
4/29/2022,15.82,15.86,67.50
5/2/2022,16.31,15.96,67.32
5/3/2022,16.50,16.12,68.43
5/4/2022,16.39,16.03,69.35
5/5/2022,15.58,15.09,64.81
5/6/2022,15.83,15.18,60.71
5/9/2022,15.28,13.97,55.24
5/10/2022,15.44,14.65,52.24
5/11/2022,14.86,14.08,45.75
5/12/2022,15.37,14.74,49.41
5/13/2022,16.01,16.25,52.10
5/16/2022,15.66,15.72,51.66
5/17/2022,16.11,16.34,56.91
5/18/2022,15.70,15.60,56.29
5/19/2022,15.94,16.12,57.71
5/20/2022,15.75,15.92,53.07
5/23/2022,15.68,15.61,51.09
5/24/2022,15.06,15.05,45.84
5/25/2022,15.50,15.72,52.41
5/26/2022,16.07,16.17,53.96
5/27/2022,17.39,17.14,63.66
5/31/2022,17.32,16.98,63.26
6/1/2022,17.11,16.87,56.51
6/2/2022,17.09,16.91,58.68
6/3/2022,16.70,16.70,54.93
6/6/2022,17.18,17.02,52.72
6/7/2022,17.30,17.25,57.66
6/8/2022,17.23,16.95,59.65
6/9/2022,16.64,16.31,56.38
6/10/2022,16.26,15.60,54.84
6/13/2022,14.99,14.62,50.65
6/14/2022,15.26,14.42,52.59
6/15/2022,15.75,14.87,56.34
6/16/2022,15.08,14.41,52.01
6/17/2022,14.97,14.28,55.28
6/21/2022,15.14,13.95,55.15
6/22/2022,15.50,13.85,55.59
6/23/2022,15.35,13.91,53.16
6/24/2022,16.33,14.81,55.01
6/27/2022,16.60,15.05,62.34
6/28/2022,16.83,14.91,59.03
6/29/2022,16.67,14.90,60.22
6/30/2022,16.89,15.02,59.78
7/1/2022,16.79,15.03,59.69
7/5/2022,16.71,15.65,56.38
7/6/2022,16.21,15.46,55.46
7/7/2022,16.60,15.91,63.88
7/8/2022,16.14,15.60,64.68
7/11/2022,15.90,15.43,65.96
7/12/2022,16.02,15.65,68.82
7/13/2022,16.45,15.86,66.79
7/14/2022,16.28,15.75,66.44
7/15/2022,16.64,16.13,67.81
7/18/2022,16.73,16.64,72.97
7/19/2022,17.68,18.83,72.18
7/20/2022,18.09,19.13,77.29
7/21/2022,18.10,19.50,75.00
7/22/2022,17.52,18.92,68.38
7/25/2022,17.48,19.27,65.78
7/26/2022,17.01,18.67,61.90
7/27/2022,17.21,18.76,63.88
7/28/2022,17.42,18.94,64.32
7/29/2022,16.81,18.33,64.24
8/1/2022,16.95,18.34,67.81
8/2/2022,16.78,18.84,74.38
8/3/2022,17.16,19.38,80.34
8/4/2022,17.44,19.35,82.32
8/5/2022,16.67,16.75,97.85
8/8/2022,16.65,17.29,105.71
8/9/2022,15.96,16.73,99.04
8/10/2022,16.77,17.16,104.43
8/11/2022,16.57,17.02,112.32
8/12/2022,16.85,17.24,107.82
8/15/2022,16.57,17.36,106.81
8/16/2022,16.49,17.57,109.46
8/17/2022,16.20,17.16,94.24
8/18/2022,16.28,17.04,85.10
8/19/2022,15.82,16.27,79.50
8/22/2022,15.14,15.33,92.29
8/23/2022,15.05,15.29,84.35
8/24/2022,15.61,15.48,84.53
8/25/2022,16.25,15.35,84.44
8/26/2022,15.67,14.82,80.91
8/29/2022,15.51,14.80,83.56
8/30/2022,15.60,14.56,81.79
8/31/2022,15.68,14.08,80.47
9/1/2022,15.21,13.80,75.71
9/2/2022,14.75,13.61,78.35
9/6/2022,14.49,13.27,72.26
9/7/2022,15.48,13.73,74.03
9/8/2022,15.76,13.66,76.24
9/9/2022,16.06,14.07,85.76
9/12/2022,16.39,13.94,90.18
9/13/2022,15.68,13.36,85.76
9/14/2022,16.14,13.93,87.44
9/15/2022,15.88,13.81,87.18
9/16/2022,15.64,13.57,79.24
9/19/2022,15.48,13.41,81.00
9/20/2022,14.99,13.06,76.85
9/21/2022,14.23,12.57,75.88
9/22/2022,13.77,12.50,69.26
9/23/2022,13.87,12.11,70.50
9/26/2022,14.03,11.86,60.26
9/27/2022,14.49,12.15,65.74
9/28/2022,14.55,12.52,67.68
9/29/2022,14.36,12.55,62.65
9/30/2022,14.12,12.11,61.50
10/3/2022,14.48,12.31,60.71
10/4/2022,15.24,12.71,69.09
10/5/2022,15.06,12.33,64.68
10/6/2022,14.95,12.09,62.82
10/7/2022,14.62,11.48,57.62
10/10/2022,14.01,11.18,56.03
10/11/2022,13.81,10.41,54.00
10/12/2022,13.43,10.18,51.62
10/13/2022,13.63,9.93,53.29
10/14/2022,13.44,9.36,52.94
10/17/2022,14.02,9.66,56.12
10/18/2022,14.00,9.53,57.44
10/19/2022,13.85,9.19,53.91
10/20/2022,13.85,9.15,56.03
10/21/2022,14.05,9.77,57.26
10/24/2022,13.56,9.67,56.12
10/25/2022,13.51,10.01,59.56
10/26/2022,13.91,10.27,58.59
10/27/2022,13.48,10.35,57.44
10/28/2022,13.53,10.79,57.44
10/31/2022,12.73,10.61,58.76
11/1/2022,12.73,10.75,54.26
11/2/2022,12.61,10.49,51.26
11/3/2022,12.19,10.61,50.29
11/4/2022,13.21,11.61,49.85
11/7/2022,13.78,12.21,47.03
11/8/2022,13.68,12.18,49.59
11/9/2022,12.93,11.71,45.79
11/10/2022,13.70,11.92,54.09
11/11/2022,14.65,12.39,63.53
11/14/2022,14.81,12.47,64.76
11/15/2022,15.38,12.91,70.15
11/16/2022,14.85,12.80,66.44
11/17/2022,14.77,12.73,65.21
11/18/2022,15.04,12.64,66.97
11/21/2022,14.15,11.99,64.15
11/22/2022,14.45,12.27,64.59
11/23/2022,15.78,13.82,67.41
11/25/2022,16.13,13.85,66.26
11/28/2022,15.88,13.40,64.68
11/29/2022,16.24,13.44,65.56
11/30/2022,16.89,13.61,63.79
12/1/2022,16.78,13.78,72.09
12/2/2022,17.72,13.77,72.09
12/5/2022,16.98,13.24,65.74
12/6/2022,16.15,12.61,59.56
12/7/2022,15.75,12.02,53.38
12/8/2022,17.05,12.40,53.56
12/9/2022,16.55,12.20,52.41
12/12/2022,16.04,12.25,52.50
12/13/2022,15.48,12.27,50.47
12/14/2022,16.17,12.00,50.74
12/15/2022,15.00,11.47,49.41
12/16/2022,14.71,10.83,46.85
12/19/2022,13.90,9.71,43.15
12/20/2022,13.61,9.21,44.82
12/21/2022,13.89,8.95,46.76
12/22/2022,14.45,9.37,43.32
12/23/2022,13.96,8.64,38.82
12/27/2022,14.42,8.74,35.56
12/28/2022,14.00,8.35,33.88
12/29/2022,14.57,8.65,36.53
12/30/2022,14.66,8.66,35.91
1/3/2023,14.73,8.42,34.68
1/4/2023,15.15,8.77,36.09
1/5/2023,15.49,8.65,34.94
1/6/2023,15.46,8.42,33.97
1/9/2023,15.82,8.79,34.68
1/10/2023,16.12,9.65,35.82
1/11/2023,16.10,9.53,43.41
1/12/2023,16.48,10.49,44.29
1/13/2023,16.39,10.81,44.65
1/17/2023,16.13,11.09,53.56
1/18/2023,15.90,10.72,49.85
1/19/2023,15.72,10.70,48.71
1/20/2023,16.18,11.04,48.71
1/23/2023,16.61,11.19,49.94
1/24/2023,16.67,11.63,55.00
1/25/2023,17.00,11.51,47.03
1/26/2023,17.30,11.47,46.59
1/27/2023,16.86,11.56,48.62
1/30/2023,16.43,11.16,44.21
1/31/2023,17.00,11.94,47.21
2/1/2023,17.23,12.38,50.38
2/2/2023,17.71,12.85,53.65
2/3/2023,17.90,12.59,53.65
2/6/2023,17.69,12.72,60.00
2/7/2023,17.60,12.71,54.53
2/8/2023,17.23,12.58,50.47
2/9/2023,16.72,12.21,47.29
2/10/2023,16.60,11.70,43.24
2/13/2023,16.34,11.81,41.29
2/14/2023,16.47,11.81,39.71
2/15/2023,17.22,12.35,45.62
2/16/2023,17.04,11.81,46.32
2/17/2023,16.88,11.68,46.24
2/21/2023,16.79,12.48,53.82
2/22/2023,17.04,12.77,55.24
2/23/2023,18.32,13.09,54.97
2/24/2023,17.92,13.27,54.71
2/27/2023,18.28,13.94,67.15
2/28/2023,18.44,13.61,63.00
3/1/2023,18.58,13.43,57.97
3/2/2023,19.04,13.77,53.82
3/3/2023,18.77,13.75,58.06
3/6/2023,18.38,13.52,55.15
3/7/2023,18.43,13.31,53.03
3/8/2023,18.23,13.41,51.53
3/9/2023,17.59,12.82,49.85
3/10/2023,17.41,12.85,47.47
3/13/2023,17.19,12.86,48.18
3/14/2023,17.18,12.82,40.94
3/15/2023,17.11,12.61,37.15
3/16/2023,17.28,12.63,38.74
3/17/2023,16.53,12.27,36.88
3/20/2023,17.39,12.90,37.68
3/21/2023,17.67,12.99,38.91
3/22/2023,17.62,12.52,38.29
3/23/2023,17.99,13.24,39.44
3/24/2023,18.07,13.42,39.44
3/27/2023,18.25,13.77,40.15
3/28/2023,18.89,14.03,45.44
3/29/2023,18.64,14.27,44.12
3/30/2023,18.70,14.42,43.85
3/31/2023,19.18,14.79,44.21
4/3/2023,19.04,14.86,45.09
4/4/2023,19.01,14.58,34.50
4/5/2023,19.27,14.35,35.74
4/6/2023,19.81,15.21,43.24
4/10/2023,20.85,16.21,46.24
4/11/2023,20.91,16.28,47.91
4/12/2023,20.76,16.33,47.12
4/13/2023,20.61,16.53,48.18
4/14/2023,20.76,16.28,45.18
4/17/2023,20.72,16.69,45.88
4/18/2023,20.49,16.54,44.56
4/19/2023,20.79,16.57,45.00
4/20/2023,20.63,16.52,43.85
4/21/2023,20.24,16.48,44.03
4/24/2023,20.22,16.47,43.76
4/25/2023,19.75,16.04,45.44
4/26/2023,19.40,15.89,45.79
4/27/2023,19.97,16.60,47.38
4/28/2023,20.95,16.88,48.53
5/1/2023,21.04,17.10,49.85
5/2/2023,20.30,16.83,48.53
5/3/2023,20.07,16.48,50.65
5/4/2023,19.28,16.51,52.24
5/5/2023,19.19,16.14,51.97
5/8/2023,19.85,16.32,52.06
5/9/2023,19.74,16.95,48.88
5/10/2023,19.61,17.05,48.44
5/11/2023,19.19,16.47,47.12
5/12/2023,18.89,16.45,45.88
5/15/2023,19.34,16.94,45.35
5/16/2023,19.19,16.50,43.76
5/17/2023,19.34,17.17,45.00
5/18/2023,19.09,17.00,44.74
5/19/2023,18.90,16.85,44.38
5/22/2023,18.92,16.96,45.18
5/23/2023,18.63,17.00,44.38
5/24/2023,18.32,16.97,43.06
5/25/2023,17.48,16.81,41.47
5/26/2023,17.20,16.56,40.94
5/30/2023,17.35,16.08,40.85
5/31/2023,17.34,16.01,39.71
6/1/2023,17.59,16.26,40.15
6/2/2023,18.05,16.82,40.15
6/5/2023,17.85,17.36,40.85
6/6/2023,18.83,17.69,40.94
6/7/2023,18.93,18.28,41.74
6/8/2023,18.54,18.36,41.29
6/9/2023,18.47,18.66,42.09
6/12/2023,18.44,18.46,42.26
6/13/2023,18.31,18.39,44.12
6/14/2023,18.25,17.23,43.24
6/15/2023,17.93,17.14,42.00
6/16/2023,17.96,17.05,41.47
6/20/2023,17.39,16.43,40.50
6/21/2023,17.42,16.42,39.97
6/22/2023,17.20,16.26,36.79
6/23/2023,17.26,16.20,35.38
6/26/2023,17.33,15.92,35.56
6/27/2023,16.98,15.86,36.18
6/28/2023,17.13,15.98,38.91
6/29/2023,17.29,16.69,39.00
6/30/2023,16.99,16.50,38.82
7/3/2023,17.41,16.57,39.18
7/5/2023,16.85,15.82,37.50
7/6/2023,16.70,15.55,37.85
7/7/2023,16.62,15.63,37.06
7/10/2023,16.54,16.18,37.41
7/11/2023,17.20,15.94,38.74
7/12/2023,17.08,16.16,38.82
7/13/2023,18.09,16.43,39.18
7/14/2023,16.85,15.56,38.21
7/17/2023,16.72,15.03,38.56
7/18/2023,16.76,15.40,38.03
7/19/2023,16.90,15.91,38.56
7/20/2023,16.60,15.61,38.21
7/21/2023,16.41,15.48,38.82
7/24/2023,16.89,15.39,51.62
7/25/2023,16.90,15.38,45.18
7/26/2023,17.38,15.92,44.74
7/27/2023,18.85,16.09,39.88
7/28/2023,18.64,16.58,40.94
7/31/2023,18.41,16.69,43.85
8/1/2023,18.40,16.94,43.50
8/2/2023,18.62,17.34,42.35
8/3/2023,18.93,17.32,43.32
8/4/2023,19.17,17.53,43.50
8/7/2023,19.65,18.07,45.18
8/8/2023,19.65,18.36,44.91
8/9/2023,18.94,17.53,43.24
8/10/2023,19.34,17.83,43.94
8/11/2023,19.51,17.51,46.41
8/14/2023,19.28,17.24,29.91
8/15/2023,19.37,17.85,32.47
8/16/2023,19.32,17.82,33.09
8/17/2023,19.08,17.71,35.65
8/18/2023,19.52,17.96,36.09
8/21/2023,19.56,17.64,27.53
8/22/2023,19.03,17.25,22.50
8/23/2023,19.21,16.93,19.60
8/24/2023,18.64,16.12,14.37
8/25/2023,18.65,15.69,12.43
8/28/2023,18.69,15.84,11.07
8/29/2023,18.61,15.72,10.91
8/30/2023,18.97,16.06,12.73
8/31/2023,19.13,16.28,12.55
9/1/2023,18.99,17.03,13.10
9/5/2023,19.01,16.78,13.64
9/6/2023,18.97,16.60,8.62
9/7/2023,18.58,16.40,8.12
9/8/2023,18.64,16.14,7.18
9/11/2023,18.74,16.10,7.34
9/12/2023,18.61,16.38,7.57
9/13/2023,18.15,16.54,8.24
9/14/2023,18.53,16.52,8.14
9/15/2023,18.74,16.77,8.36
9/18/2023,18.91,16.90,7.80
9/19/2023,18.81,17.41,8.25
9/20/2023,18.56,17.23,8.16
9/21/2023,19.47,17.77,7.70
9/22/2023,19.06,17.64,7.62
9/25/2023,19.35,18.11,8.14
9/26/2023,19.13,18.01,7.91
9/27/2023,19.35,18.09,7.57
9/28/2023,19.02,18.19,7.79
9/29/2023,19.32,18.35,7.99
10/2/2023,19.55,18.49,8.15
10/3/2023,18.94,18.22,7.85
10/4/2023,18.89,18.60,8.34
10/5/2023,19.04,18.68,8.30
10/6/2023,19.82,19.66,9.26
10/9/2023,19.45,19.07,9.82
10/10/2023,18.87,18.89,9.92
10/11/2023,18.70,18.45,10.42
10/12/2023,18.03,17.96,11.00
10/13/2023,17.74,17.00,9.50
10/16/2023,17.77,16.32,9.33
10/17/2023,17.99,16.50,9.86
10/18/2023,17.88,16.22,9.16
10/19/2023,18.02,16.19,9.36
10/20/2023,18.00,15.75,9.08
10/23/2023,17.97,15.53,9.16
10/24/2023,18.29,15.37,9.33
10/25/2023,18.11,15.49,9.28
10/26/2023,18.24,15.60,9.23
10/27/2023,17.94,15.51,9.15
10/30/2023,18.22,16.35,9.96
10/31/2023,18.21,16.49,10.68
11/1/2023,18.09,16.58,10.03
11/2/2023,18.56,16.85,10.49
11/3/2023,18.63,16.44,10.72
11/6/2023,17.88,15.25,10.95
11/7/2023,17.76,15.42,10.22
11/8/2023,17.63,14.93,10.09
11/9/2023,17.76,14.81,8.71
11/10/2023,17.55,14.51,8.01
11/13/2023,16.94,14.45,7.90
11/14/2023,17.25,14.84,8.07
11/15/2023,17.12,14.48,7.89
11/16/2023,16.92,14.27,7.39
11/17/2023,17.07,14.40,7.43
11/20/2023,16.59,14.16,7.16
11/21/2023,16.39,14.02,6.65
11/22/2023,16.39,13.93,6.99
11/24/2023,16.62,14.22,6.90
11/27/2023,16.29,14.42,6.80
11/28/2023,16.11,14.46,6.70
11/29/2023,16.18,14.72,7.17
11/30/2023,15.95,14.25,6.65
12/1/2023,16.29,14.61,6.86
12/4/2023,16.37,14.79,7.49
12/5/2023,15.67,14.07,7.02
12/6/2023,15.71,14.19,6.79
12/7/2023,15.70,14.67,6.82
12/8/2023,16.31,14.71,6.93
12/11/2023,16.39,15.19,7.11
12/12/2023,15.95,15.02,6.72
12/13/2023,16.14,15.38,6.81
12/14/2023,16.09,15.35,6.71
12/15/2023,15.96,15.29,6.65
12/18/2023,15.66,14.91,6.74
12/19/2023,15.56,14.93,6.74
12/20/2023,14.90,14.14,6.17
12/21/2023,15.10,14.47,6.07
12/22/2023,14.95,14.09,6.10
12/26/2023,15.02,13.91,6.11
12/27/2023,14.86,13.99,6.16
12/28/2023,14.97,14.07,6.21
12/29/2023,15.02,14.09,6.12
1/2/2024,14.98,13.96,6.11
1/3/2024,15.04,13.94,5.58
1/4/2024,14.99,13.82,5.30
1/5/2024,15.19,13.78,5.17
1/8/2024,15.01,13.79,5.29
1/9/2024,14.56,13.66,5.04
1/10/2024,14.68,13.84,4.91
1/11/2024,14.38,13.35,4.70
1/12/2024,14.53,13.50,4.56
1/16/2024,14.14,13.40,4.21
1/17/2024,14.16,13.59,4.11
1/18/2024,14.17,13.74,4.43
1/19/2024,14.13,14.25,4.51
1/22/2024,14.35,14.43,4.48
1/23/2024,14.23,14.25,4.33
1/24/2024,14.09,13.93,4.13
1/25/2024,14.14,14.07,4.08
1/26/2024,14.14,14.26,4.07
1/29/2024,14.15,14.43,4.27
1/30/2024,13.95,13.93,4.11
1/31/2024,13.97,13.83,4.05
2/1/2024,13.75,13.85,4.06
2/2/2024,13.80,14.10,4.01
2/5/2024,13.48,13.94,3.67
2/6/2024,13.54,14.13,4.07
2/7/2024,13.53,14.44,3.94
2/8/2024,14.01,14.88,4.09
2/9/2024,14.06,15.04,4.38
2/12/2024,14.22,15.26,4.56
2/13/2024,14.03,15.45,4.49
2/14/2024,14.60,15.78,4.80
2/15/2024,14.74,16.55,4.89
2/16/2024,15.06,16.54,4.83
2/20/2024,15.44,16.43,4.66
2/21/2024,15.28,16.30,4.57
2/22/2024,15.17,16.09,4.42
2/23/2024,15.49,16.29,4.44
2/26/2024,15.66,16.05,4.45
2/27/2024,15.79,16.81,4.81
2/28/2024,17.54,17.19,4.99
2/29/2024,17.13,17.41,4.32
3/1/2024,16.87,17.58,4.36
3/4/2024,16.67,17.11,4.32
3/5/2024,16.96,17.22,4.50
3/6/2024,16.68,17.06,4.56
3/7/2024,16.80,17.65,4.60
3/8/2024,16.24,17.14,4.30
3/11/2024,16.88,17.66,4.36
3/12/2024,16.81,18.13,4.34
3/13/2024,16.94,18.87,4.36
3/14/2024,16.83,18.85,4.27
3/15/2024,16.50,18.34,4.44
3/18/2024,15.71,18.29,4.39
3/19/2024,16.00,18.03,4.27
3/20/2024,15.80,17.88,4.25
3/21/2024,16.05,17.81,4.20
3/22/2024,16.01,17.97,4.08
3/25/2024,15.87,17.73,4.09
3/26/2024,15.71,17.59,4.07
3/27/2024,16.16,18.07,4.34
3/28/2024,16.17,17.97,3.72
4/1/2024,15.84,18.46,3.14
4/2/2024,15.99,18.43,3.10
4/3/2024,15.94,18.70,3.02
4/4/2024,16.06,18.76,3.00
4/5/2024,16.15,19.77,3.01
4/8/2024,16.21,19.18,2.95
4/9/2024,16.61,19.08,2.97
4/10/2024,16.74,18.48,2.83
4/11/2024,16.72,18.24,2.80
4/12/2024,16.43,17.79,2.65
4/15/2024,16.33,17.68,2.47
4/16/2024,16.87,18.13,2.72
4/17/2024,17.07,18.13,2.98
4/18/2024,17.11,18.12,2.92
4/19/2024,17.13,18.22,3.16
4/22/2024,17.15,17.86,3.42
4/23/2024,17.44,17.83,3.39
4/24/2024,17.66,17.71,3.28
4/25/2024,17.46,17.48,3.28
4/26/2024,17.15,17.65,3.41
4/29/2024,17.08,17.54,3.03
4/30/2024,16.01,17.14,2.93
5/1/2024,16.19,17.43,2.97
5/2/2024,16.38,17.59,3.13
5/3/2024,16.71,17.72,3.30
5/6/2024,17.05,17.01,3.29
5/7/2024,16.70,17.38,3.19
5/8/2024,16.60,17.37,3.19
5/9/2024,16.60,17.22,3.05
5/10/2024,16.63,17.18,2.91
5/13/2024,17.54,18.03,5.19
5/14/2024,17.69,18.78,6.85
5/15/2024,17.62,18.73,5.48
5/16/2024,16.93,17.81,4.64
5/17/2024,16.96,17.68,4.40
5/20/2024,16.97,17.68,4.83
5/21/2024,16.58,17.48,4.65
5/22/2024,16.58,17.76,5.06
5/23/2024,16.54,17.75,4.55
5/24/2024,16.90,17.88,4.84
5/28/2024,16.34,17.09,4.88
5/29/2024,16.65,16.95,4.50
5/30/2024,16.63,16.99,4.23
5/31/2024,16.44,17.27,4.33
6/3/2024,16.16,17.10,4.81
6/4/2024,15.57,16.65,4.79
6/5/2024,15.63,16.47,5.15
6/6/2024,15.71,16.88,5.79
6/7/2024,15.12,16.80,4.91
6/10/2024,15.18,16.81,4.71
6/11/2024,15.26,17.15,5.22
6/12/2024,15.67,17.87,4.91
6/13/2024,15.30,17.83,5.20
6/14/2024,15.40,18.33,4.99
6/17/2024,15.68,19.16,4.89
6/18/2024,16.33,19.75,4.86
6/20/2024,16.41,19.39,4.81
6/21/2024,16.86,19.48,4.55
6/24/2024,17.25,20.75,4.57
6/25/2024,17.58,21.42,4.53
6/26/2024,16.94,21.25,4.68
6/27/2024,16.96,21.14,4.78
6/28/2024,16.77,21.62,4.98
7/1/2024,16.99,21.57,5.04
7/2/2024,16.95,21.42,5.21
7/3/2024,16.61,21.36,5.03
7/5/2024,16.70,21.73,5.05
7/8/2024,17.02,21.84,5.47
7/9/2024,16.60,21.67,5.46
7/10/2024,16.51,21.49,5.21
7/11/2024,17.34,21.56,5.22
7/12/2024,17.42,21.60,5.26
7/15/2024,17.26,21.29,5.33
7/16/2024,17.30,20.85,5.47
7/17/2024,17.36,20.78,5.42
7/18/2024,17.64,21.71,5.10
7/19/2024,17.74,21.37,5.01
7/22/2024,17.82,21.70,5.28
7/23/2024,17.75,22.25,5.08
7/24/2024,17.83,21.52,4.69
7/25/2024,19.40,21.31,5.14
7/26/2024,20.09,21.99,5.18
7/29/2024,19.89,22.56,5.17
7/30/2024,20.65,22.88,5.11
7/31/2024,21.10,23.58,5.31
8/1/2024,21.18,23.09,5.12
8/2/2024,21.30,24.85,4.94
8/5/2024,20.76,25.42,4.95
8/6/2024,20.59,26.20,5.08
8/7/2024,20.08,26.02,4.82
8/8/2024,20.22,25.97,5.08
8/9/2024,19.96,25.98,5.00
8/12/2024,19.88,26.90,5.04
8/13/2024,19.97,26.53,5.15
8/14/2024,19.58,26.36,5.12
8/15/2024,20.03,26.52,5.13
8/16/2024,19.99,26.52,4.99
8/19/2024,20.52,27.34,5.01
8/20/2024,20.40,27.10,5.00
8/21/2024,20.71,27.37,5.01
8/22/2024,21.19,27.48,4.92
8/23/2024,21.38,27.80,5.05
8/26/2024,21.95,28.17,5.05
8/27/2024,21.54,28.18,4.99
8/28/2024,20.71,27.70,4.74
8/29/2024,20.95,27.72,4.82
8/30/2024,21.19,27.38,4.82
9/3/2024,21.16,27.25,4.63
9/4/2024,21.60,27.73,4.70
9/5/2024,21.86,28.58,4.73
9/6/2024,21.00,28.09,4.98
9/9/2024,21.10,28.60,5.01
9/10/2024,21.01,28.55,4.95
9/11/2024,20.59,28.23,4.95
9/12/2024,20.60,28.60,4.90
9/13/2024,20.84,28.75,4.96
9/16/2024,20.40,28.41,4.85
9/17/2024,20.60,28.59,4.82
9/18/2024,20.32,28.62,4.78
9/19/2024,20.29,28.33,4.71
9/20/2024,20.12,28.32,4.76
9/23/2024,19.12,27.62,4.66
9/24/2024,19.74,27.71,4.52
9/25/2024,19.69,26.86,4.38
9/26/2024,20.24,27.43,4.54
9/27/2024,20.35,27.84,4.50
9/30/2024,20.51,27.84,4.55
10/1/2024,20.12,27.47,4.40
10/2/2024,20.49,27.36,4.37
10/3/2024,19.82,26.69,4.43
10/4/2024,19.51,26.76,4.40
10/7/2024,19.68,26.97,4.18
10/8/2024,19.41,26.92,4.17
10/9/2024,19.35,27.35,4.07
10/10/2024,20.17,28.63,4.19
10/11/2024,21.69,29.68,4.17
10/14/2024,21.25,29.09,4.12
10/15/2024,20.79,28.71,4.15
10/16/2024,20.66,28.67,4.23
10/17/2024,20.84,28.93,4.22
10/18/2024,21.16,28.77,4.36
10/21/2024,20.79,28.56,4.29
10/22/2024,20.57,28.47,4.34
10/23/2024,20.23,28.34,4.24
10/24/2024,20.07,28.21,4.36
10/25/2024,20.49,28.69,4.32
10/28/2024,20.55,29.37,4.44
10/29/2024,21.00,29.66,4.44
10/30/2024,21.68,30.48,4.56
10/31/2024,24.30,29.75,4.39
11/1/2024,24.06,29.85,4.51
11/4/2024,24.19,29.57,4.35
11/5/2024,24.26,29.69,4.39
11/6/2024,24.73,30.76,4.58
11/7/2024,24.72,31.57,4.30
11/8/2024,24.35,31.51,4.27
11/11/2024,24.63,32.38,4.49
11/12/2024,24.64,32.74,4.56
11/13/2024,24.25,31.81,4.56
11/14/2024,24.56,31.98,4.57
11/15/2024,24.21,31.84,4.48
11/18/2024,24.35,31.99,4.36
11/19/2024,24.90,33.45,4.34
11/20/2024,24.77,32.79,4.44
11/21/2024,24.71,32.25,4.49
11/22/2024,25.19,32.63,4.55
11/25/2024,25.25,33.25,4.86
11/26/2024,25.24,32.84,4.80
11/27/2024,26.03,34.18,4.97
11/29/2024,26.32,34.52,4.95
12/2/2024,26.73,36.02,5.04
12/3/2024,26.41,35.50,4.86
12/4/2024,25.64,35.34,4.91
12/5/2024,26.22,35.44,5.20
12/6/2024,25.85,35.18,4.73
12/9/2024,25.55,33.31,4.51
12/10/2024,25.86,33.61,4.45
12/11/2024,25.97,33.03,4.35
12/12/2024,25.86,33.03,4.31
12/13/2024,26.03,32.16,4.18
12/16/2024,25.19,32.17,4.06
12/17/2024,25.30,31.56,4.25
12/18/2024,24.65,30.92,4.05
12/19/2024,24.85,31.37,4.09
12/20/2024,24.52,30.83,4.18
12/23/2024,24.40,30.49,4.12
12/24/2024,25.26,30.71,4.06
12/26/2024,25.29,30.55,4.05
12/27/2024,25.09,30.95,4.00
12/30/2024,24.77,30.97,3.97
12/31/2024,25.60,30.98,3.98
1/2/2025,25.11,30.97,4.02
1/3/2025,25.13,31.06,4.02
1/6/2025,24.02,30.53,4.06
1/7/2025,23.96,30.61,4.07
1/8/2025,23.57,30.43,3.95
1/10/2025,23.07,30.16,3.80
1/13/2025,22.81,29.75,3.51
1/14/2025,23.03,29.35,3.24
1/15/2025,22.78,29.05,3.51
1/16/2025,22.39,28.58,3.58
1/17/2025,23.19,28.67,3.50
1/21/2025,23.26,28.82,3.48
1/22/2025,23.49,29.31,3.39
1/23/2025,23.76,29.45,3.41
1/24/2025,23.55,29.09,3.42
1/27/2025,23.71,28.72,3.25
1/28/2025,23.21,28.83,3.30
1/29/2025,23.55,29.02,3.21
1/30/2025,23.58,28.85,3.14
1/31/2025,23.55,28.63,3.11
2/3/2025,24.13,29.15,3.08
2/4/2025,24.36,29.47,3.16
2/5/2025,24.96,30.55,3.13
2/6/2025,25.26,30.97,3.10
2/7/2025,25.39,31.04,3.10
2/10/2025,25.46,31.09,3.17
2/11/2025,25.45,31.27,3.31
2/12/2025,26.06,31.89,3.50
2/13/2025,26.83,32.52,3.48
2/14/2025,26.97,32.56,3.55
2/18/2025,27.02,33.06,3.70
2/19/2025,27.22,28.57,3.57
2/20/2025,26.93,27.79,3.49
2/21/2025,26.03,27.45,3.43
2/24/2025,26.27,27.01,3.36
2/25/2025,26.39,26.67,3.27
2/26/2025,25.71,25.96,3.26
2/27/2025,25.35,25.67,3.22
2/28/2025,25.60,25.61,3.30
3/3/2025,25.02,24.36,3.05
3/4/2025,24.95,24.38,3.08
3/5/2025,24.84,23.76,3.05
3/6/2025,24.57,23.74,3.01
3/7/2025,25.26,24.40,3.06
3/10/2025,24.78,24.26,2.98
3/11/2025,24.23,24.06,2.97
3/12/2025,24.15,23.87,2.94
3/13/2025,23.84,23.86,2.84
3/14/2025,24.10,24.25,2.90
3/17/2025,24.85,24.94,3.01
3/18/2025,24.34,25.01,3.02
3/19/2025,25.93,26.10,3.04
3/20/2025,26.49,26.43,2.99
3/21/2025,26.75,26.05,3.04
3/24/2025,26.99,25.37,3.08
3/25/2025,27.16,25.60,3.07
3/26/2025,27.37,26.06,3.03
3/27/2025,27.03,25.74,2.96
3/28/2025,26.14,24.84,2.88
3/31/2025,26.35,24.89,2.87
4/1/2025,26.58,24.54,2.78
4/2/2025,26.58,24.79,2.75
4/3/2025,25.73,24.99,2.64
4/4/2025,24.32,24.58,2.65
4/7/2025,24.47,25.70,2.75
4/8/2025,22.57,25.45,2.65
4/9/2025,23.44,26.82,2.89
4/10/2025,22.03,27.18,2.92
4/11/2025,21.44,27.93,2.95
4/14/2025,21.64,27.76,2.88
4/15/2025,21.66,28.19,2.96
4/16/2025,21.77,28.03,2.80
4/17/2025,22.45,28.54,2.78
4/21/2025,22.34,28.55,2.69
4/22/2025,23.50,29.41,2.72
4/23/2025,24.10,29.03,2.71
4/24/2025,23.29,29.00,2.71
4/25/2025,23.90,29.54,2.71
4/28/2025,23.96,30.00,2.72
4/29/2025,24.40,29.77,2.68
4/30/2025,24.33,29.91,2.67
5/1/2025,24.15,29.89,2.65
5/2/2025,24.86,30.30,2.68
5/5/2025,24.34,29.79,2.64
5/6/2025,25.03,30.81,2.68
5/7/2025,25.65,31.17,2.71
5/8/2025,25.86,31.01,2.70
5/9/2025,26.02,31.24,2.73
5/12/2025,25.93,30.32,2.73
5/13/2025,26.15,30.63,2.74
5/14/2025,26.37,31.16,2.74
5/15/2025,26.93,31.87,2.81
5/16/2025,27.23,31.84,2.95
5/19/2025,27.14,31.66,2.90
5/20/2025,27.11,31.60,3.01
5/21/2025,26.99,32.20,2.93
5/22/2025,26.99,32.44,3.24
5/23/2025,26.97,32.45,3.24
5/27/2025,28.09,33.69,4.01
5/28/2025,27.83,33.16,3.46
5/29/2025,27.72,32.96,3.42
5/30/2025,27.85,33.77,3.56
6/2/2025,27.70,33.05,3.44
6/3/2025,27.93,32.31,3.33
6/4/2025,27.71,31.52,3.40
6/5/2025,27.47,31.56,3.40
6/6/2025,27.65,32.14,3.40
6/9/2025,27.03,31.42,3.35
6/10/2025,27.37,31.50,3.34
6/11/2025,27.58,32.13,3.29
6/12/2025,28.60,31.83,3.13
6/13/2025,28.88,32.14,3.15
6/16/2025,29.24,31.94,3.13
6/17/2025,29.16,32.50,3.00
6/18/2025,29.20,32.65,3.02
6/20/2025,28.44,31.89,3.01
6/23/2025,27.81,31.06,2.99
6/24/2025,27.38,30.64,3.00
6/25/2025,26.89,30.21,2.98
6/26/2025,27.54,30.43,3.02
6/27/2025,27.81,30.10,3.07
6/30/2025,27.96,30.18,3.10
7/1/2025,27.33,30.10,2.82
7/2/2025,27.14,30.18,2.88
7/3/2025,27.35,30.71,2.95
7/7/2025,26.59,29.86,2.85
7/8/2025,26.90,30.64,2.90
7/9/2025,26.30,28.81,2.95
7/10/2025,26.17,29.85,3.00
7/11/2025,26.93,29.80,3.33
7/14/2025,27.90,29.85,3.29
7/15/2025,27.87,29.73,3.12
7/16/2025,28.28,30.00,3.18
7/17/2025,28.54,29.99,3.48
7/18/2025,28.42,30.22,3.54
7/21/2025,28.80,29.75,3.44
7/22/2025,28.24,30.07,3.50
7/23/2025,29.03,30.42,3.47
7/24/2025,28.29,28.99,3.36
7/25/2025,26.85,29.04,3.25
7/28/2025,26.97,28.23,3.11
7/29/2025,25.99,27.67,2.96
7/30/2025,25.66,27.25,2.91
7/31/2025,25.79,26.87,2.90
8/1/2025,25.20,25.87,2.85
8/4/2025,25.35,25.69,2.87
8/5/2025,25.19,25.50,2.84
8/6/2025,24.51,24.92,2.78
8/7/2025,24.65,24.99,2.81
8/8/2025,24.76,24.81,2.93
8/11/2025,25.38,25.30,3.03
8/12/2025,25.62,25.39,3.07
8/13/2025,25.77,25.98,3.07
8/14/2025,25.66,25.33,3.04
8/15/2025,25.30,25.62,3.00
8/18/2025,25.75,26.09,2.93
8/19/2025,25.66,26.47,2.86
8/20/2025,25.75,26.58,2.84
8/21/2025,25.97,26.18,2.83
8/22/2025,27.05,26.55,2.95
8/25/2025,27.66,25.49,2.88
8/26/2025,27.74,25.80,2.86
8/27/2025,28.96,25.61,2.84
8/28/2025,28.72,25.39,2.83
8/29/2025,28.56,25.41,2.81
9/2/2025,29.30,25.88,2.77
9/3/2025,29.23,27.46,2.71
9/4/2025,29.21,27.01,2.72
9/5/2025,29.78,27.16,2.75
9/8/2025,31.01,28.17,2.83
9/9/2025,30.68,28.25,2.81
9/10/2025,31.05,28.52,2.76
9/11/2025,31.81,28.56,2.80
9/12/2025,32.36,28.25,2.81
9/15/2025,32.75,27.88,2.90
9/16/2025,32.49,27.61,2.90
9/17/2025,32.39,28.00,2.82
9/18/2025,32.31,28.99,2.84
9/19/2025,31.96,28.57,3.01
9/22/2025,32.66,28.39,3.00
9/23/2025,32.62,28.60,2.96
9/24/2025,32.27,27.56,2.92
9/25/2025,32.40,28.02,2.83
9/26/2025,32.60,28.02,2.89
9/29/2025,32.35,27.82,3.00
9/30/2025,32.75,28.23,2.90
10/1/2025,32.99,26.92,2.95
10/2/2025,32.99,26.31,3.15
10/3/2025,33.70,25.73,3.06
10/6/2025,33.35,26.60,2.90
10/7/2025,32.77,25.75,2.84
10/8/2025,32.22,25.09,2.84
10/9/2025,31.87,26.16,2.93
10/10/2025,31.20,27.00,2.95
10/13/2025,31.09,26.50,2.87
10/14/2025,31.30,26.46,2.83
10/15/2025,31.71,26.70,2.82
10/16/2025,31.56,27.27,2.75
10/17/2025,32.23,26.31,2.74
10/20/2025,32.44,26.44,2.77
10/21/2025,32.05,26.40,2.89
10/22/2025,32.06,27.04,2.75
10/23/2025,32.44,26.65,2.73
10/24/2025,31.70,27.29,2.69
10/27/2025,32.22,26.17,2.70
10/28/2025,32.77,27.01,2.72
10/29/2025,32.91,26.74,2.66
10/30/2025,32.43,26.75,2.54
10/31/2025,32.49,28.79,2.59
11/3/2025,32.63,28.99,2.58
11/4/2025,32.53,28.58,2.51
11/5/2025,33.56,30.09,2.50
11/6/2025,34.43,30.41,2.60
11/7/2025,34.48,30.02,2.41
11/10/2025,35.66,29.95,2.46
11/11/2025,35.13,29.88,2.43
11/12/2025,35.94,29.59,2.46
11/13/2025,35.11,30.18,2.34
11/14/2025,35.00,30.10,2.28
11/17/2025,35.17,29.06,2.17
11/18/2025,35.80,29.49,2.18
11/19/2025,36.44,27.97,2.13
11/20/2025,35.40,27.99,2.07
11/21/2025,36.04,27.50,2.20
11/24/2025,36.00,27.38,2.20
11/25/2025,36.03,26.88,2.26
11/26/2025,36.88,25.25,2.30
11/28/2025,37.10,22.89,2.45
12/1/2025,36.84,23.86,2.35
12/2/2025,35.62,21.95,2.30
12/3/2025,33.41,23.50,2.28
12/4/2025,36.23,24.52,2.33
12/5/2025,35.71,25.13,2.27
12/8/2025,38.50,25.05,2.32
12/9/2025,38.05,24.65,2.28
12/10/2025,38.11,,
12/11/2025,38.30,,
12/12/2025,38.17,,