Date,IMAX index,CNK index,AMC index
1/2/2020,100,100,100
1/3/2020,101.0243902,99.55972997,98.11607414
1/6/2020,101.5609756,99.61843264,95.44211486
1/7/2020,101.9512195,99.47167596,95.59404436
1/8/2020,97.56097561,94.24713824,88.75721665
1/9/2020,95.6097561,90.98914001,86.59981768
1/10/2020,95.75609756,91.37070737,86.72136129
1/13/2020,97.17073171,92.19254476,87.93679733
1/14/2020,98.3902439,92.83827414,91.82619265
1/15/2020,98.73170732,94.51130026,95.32057125
1/16/2020,100.0487805,94.98092163,98.26800365
1/17/2020,99.6097561,95.18638098,97.59951383
1/21/2020,95.31707317,93.95362489,96.26253418
1/22/2020,92.7804878,94.98092163,93.4366454
1/23/2020,89.2195122,94.80481362,91.15770283
1/24/2020,87.65853659,94.57000294,90.3676694
1/27/2020,83.95121951,93.57205753,85.26283804
1/28/2020,85.56097561,95.450543,91.03615922
1/29/2020,83.51219512,95.18638098,90.76268611
1/30/2020,83.6097561,95.42119166,91.70464904
1/31/2020,80.68292683,92.48605812,87.38985111
2/3/2020,82.04878049,91.22395069,86.47827408
2/4/2020,82.24390244,91.54681538,89.15223336
2/5/2020,86.3902439,94.45259759,93.83166211
2/6/2020,87.75609756,92.89697681,90.48921301
2/7/2020,83.75609756,92.45670678,87.81525372
2/10/2020,83.65853659,92.66216613,91.03615922
2/11/2020,83.46341463,92.57411212,93.04162868
2/12/2020,86.68292683,91.98708541,91.94773625
2/13/2020,85.90243902,91.04784268,93.83166211
2/14/2020,86.92682927,90.31405929,95.16864175
2/18/2020,83.41463415,93.07308483,94.37860833
2/19/2020,83.41463415,94.27648958,97.99453054
2/20/2020,83.90243902,95.89081303,104.0413248
2/21/2020,82.43902439,85.52979161,100
2/24/2020,80.87804878,84.20898151,94.50015193
2/25/2020,77.95121951,79.24860581,87.81525372
2/26/2020,75.46341463,74.78720282,79.48951686
2/27/2020,74.82926829,73.87731142,81.64691583
2/28/2020,76,76.19606692,83.9258584
3/2/2020,75.6097561,72.61520399,81.92038894
3/3/2020,74.73170732,70.8834752,77.87906411
3/4/2020,75.6097561,71.00088054,78.03099362
3/5/2020,72.29268293,67.7428823,65.96779095
3/6/2020,73.31707317,69.21044908,60.74141598
3/9/2020,70.48780488,61.66715586,51.6256457
3/10/2020,74.53658537,64.6022894,56.30507445
3/11/2020,71.26829268,57.20575286,48.79975691
3/12/2020,52.92682927,43.08776049,39.01549681
3/13/2020,54.14634146,43.14646316,43.17836524
3/16/2020,44.63414634,29.73290285,34.85262838
3/17/2020,34.92682927,20.4285295,33.24217563
3/18/2020,35.12195122,19.31317875,33.12063203
3/19/2020,55.95121951,33.43117112,45.1838347
3/20/2020,51.6097561,33.51922512,42.75296263
3/23/2020,52.48780488,36.07279131,42.23640231
3/24/2020,52.19512195,33.98884649,47.73625038
3/25/2020,49.46341463,34.13560317,46.36888484
3/26/2020,50,37.2174934,49.58979034
3/27/2020,44.29268293,36.10214265,48.2528107
3/30/2020,41.6097561,29.64484884,40.74749316
3/31/2020,44.14634146,29.90901086,42.35794591
4/1/2020,40.87804878,23.5691224,35.12610149
4/2/2020,42.92682927,24.68447314,30.02127013
4/3/2020,45.51219512,24.62577047,30.41628684
4/6/2020,48.3902439,27.23803933,38.6204801
4/7/2020,49.41463415,31.846199,42.0844728
4/8/2020,50.14634146,33.31376578,44.24187177
4/9/2020,52.34146341,36.68916936,34.85262838
4/13/2020,49.85365854,31.69944232,27.89425706
4/14/2020,51.12195122,33.43117112,29.23123671
4/15/2020,49.85365854,33.54857646,32.3002127
4/16/2020,49.36585366,34.0769005,32.69522941
4/17/2020,53.80487805,39.56560023,42.90489213
4/20/2020,57.75609756,39.68300558,42.63141902
4/21/2020,56.43902439,39.71235691,43.57338195
4/22/2020,53.26829268,36.77722336,42.63141902
4/23/2020,53.70731707,37.68711476,41.68945609
4/24/2020,51.90243902,35.80862929,40.89942267
4/27/2020,54.04878049,38.89051952,45.0319052
4/28/2020,59.46341463,41.41473437,55.48465512
4/29/2020,61.41463415,45.02494864,69.58371316
4/30/2020,56.09756098,41.91370707,65.96779095
5/1/2020,56.63414634,39.68300558,61.2579763
5/4/2020,57.70731707,40.21132962,57.64205409
5/5/2020,56.63414634,38.86116818,52.14220602
5/6/2020,55.41463415,37.54035809,52.53722273
5/7/2020,57.6097561,39.9471676,53.47918566
5/8/2020,59.26829268,41.47343704,54.9680948
5/11/2020,59.17073171,39.85911359,71.31570951
5/12/2020,57.56097561,38.39154682,68.64175023
5/13/2020,56.73170732,35.74992662,61.65299301
5/14/2020,56.04878049,35.19225125,60.98450319
5/15/2020,55.41463415,34.86938656,60.58948648
5/18/2020,58.58536585,39.00792486,63.26344576
5/19/2020,57.12195122,38.09803346,61.1364327
5/20/2020,59.75609756,40.97446434,62.47341234
5/21/2020,61.90243902,41.73759906,62.07839562
5/22/2020,61.46341463,41.20927502,61.4099058
5/26/2020,61.51219512,45.34781333,68.48982072
5/27/2020,64.48780488,50.60170238,75.08356123
5/28/2020,59.41463415,44.90754329,67.97326041
5/29/2020,61.51219512,44.11505724,68.76329383
6/1/2020,62.7804878,45.84678603,71.19416591
6/2/2020,63.6097561,46.8153801,74.93163172
6/3/2020,64.7804878,47.96008218,73.04770586
6/4/2020,65.56097561,49.07543293,72.13612884
6/5/2020,67.75609756,51.7757558,79.21604376
6/8/2020,68.3902439,57.70472557,86.47827408
6/9/2020,68.04878049,53.30202524,80.30993619
6/10/2020,65.46341463,50.10272967,84.32087511
6/11/2020,61.56097561,43.93894922,69.31024005
6/12/2020,62.34146341,45.9054887,78.97295655
6/15/2020,64.09756098,44.9955973,77.75752051
6/16/2020,61.70731707,44.93689463,74.53661501
6/17/2020,59.51219512,43.1758145,72.65268915
6/18/2020,59.51219512,45.08365131,75.47857794
6/19/2020,57.2195122,41.26797769,73.98966879
6/22/2020,55.85365854,41.59084238,71.43725311
6/23/2020,56.48780488,40.97446434,68.36827712
6/24/2020,54.14634146,37.59906076,64.20540869
6/25/2020,52.97560976,36.307602,57.24703737
6/26/2020,51.41463415,33.43117112,56.03160134
6/29/2020,54.29268293,34.19430584,59.25250684
6/30/2020,54.68292683,33.90079249,57.52051048
7/1/2020,54.63414634,37.65776343,61.2579763
7/2/2020,51.46341463,36.01408864,60.74141598
7/6/2020,56.04878049,36.95333138,57.36858098
7/7/2020,54.48780488,35.86733196,55.36311152
7/8/2020,56.24390244,38.15673613,59.37405044
7/9/2020,56.53658537,37.68711476,61.2579763
7/10/2020,58.48780488,38.27414147,61.65299301
7/13/2020,55.65853659,37.2174934,57.09510787
7/14/2020,54.92682927,36.19019665,56.57854755
7/15/2020,62.58536585,41.82565307,60.31601337
7/16/2020,66.29268293,40.29938362,58.70556062
7/17/2020,65.36585366,39.88846493,57.24703737
7/20/2020,65.12195122,37.95127678,55.63658462
7/21/2020,63.70731707,37.62841209,55.63658462
7/22/2020,62.97560976,37.12943939,54.02613187
7/23/2020,62.63414634,36.89462871,54.42114859
7/24/2020,61.07317073,35.83798063,53.63111516
7/27/2020,61.65853659,35.45641327,51.86873291
7/28/2020,61.26829268,36.36630467,55.63658462
7/29/2020,54.73170732,33.72468447,55.75812823
7/30/2020,56.7804878,34.84003522,55.24156791
7/31/2020,55.07317073,34.72262988,54.14767548
8/3/2020,55.26829268,34.81068389,55.08963841
8/4/2020,56,36.10214265,54.9680948
8/5/2020,58.04878049,33.75403581,55.63658462
8/6/2020,56,30.81890226,55.48465512
8/7/2020,57.85365854,32.46257705,63.68884837
8/10/2020,58.19512195,32.40387438,59.92099666
8/11/2020,61.65853659,34.84003522,61.1364327
8/12/2020,59.17073171,33.6659818,62.19993923
8/13/2020,61.46341463,34.66392721,71.19416591
8/14/2020,62.48780488,37.18814206,74.2631419
8/17/2020,62.92682927,37.54035809,75.08356123
8/18/2020,62.87804878,32.40387438,71.71072622
8/19/2020,64.43902439,32.72673907,72.25767244
8/20/2020,64.58536585,36.395656,76.26861136
8/21/2020,64.04878049,36.307602,69.58371316
8/24/2020,70.19512195,40.06457294,72.53114555
8/25/2020,71.02439024,39.9471676,74.2631419
8/26/2020,71.70731707,38.50895216,75.08356123
8/27/2020,75.41463415,41.73759906,87.38985111
8/28/2020,76.58536585,44.79013795,84.44241872
8/31/2020,74.97560976,42.99970649,78.82102704
9/1/2020,73.36585366,43.32257118,81.37344272
9/2/2020,77.51219512,47.19694746,94.37860833
9/3/2020,75.12195122,46.52186674,88.48374354
9/4/2020,78.09756098,46.49251541,94.10513522
9/8/2020,74.19512195,42.00176108,86.05287147
9/9/2020,72.73170732,40.32873496,83.9258584
9/10/2020,69.80487805,37.39360141,79.64144637
9/11/2020,65.65853659,35.33900792,77.60559101
9/14/2020,64.97560976,35.54446727,74.2631419
9/15/2020,66.29268293,36.36630467,73.98966879
9/16/2020,66.3902439,36.68916936,77.21057429
9/17/2020,65.02439024,35.19225125,76.69401398
9/18/2020,65.41463415,34.04754916,75.99513826
9/21/2020,62.09756098,32.7560904,71.31570951
9/22/2020,64.14634146,32.78544174,69.85718627
9/23/2020,58.7804878,30.81890226,64.08386509
9/24/2020,57.56097561,29.17522747,61.80492252
9/25/2020,59.65853659,30.61344291,65.42084473
9/28/2020,59.31707317,30.26122689,65.81586144
9/29/2020,58.29268293,28.91106545,65.14737162
9/30/2020,58.34146341,29.35133549,63.14190216
10/1/2020,56.63414634,29.5274435,62.32148283
10/2/2020,54.97560976,29.61549751,62.32148283
10/5/2020,53.95121951,24.44966246,55.36311152
10/6/2020,55.75609756,25.24214852,54.42114859
10/7/2020,55.46341463,24.74317581,54.14767548
10/8/2020,56.68292683,25.74112122,55.48465512
10/9/2020,56.68292683,24.74317581,54.29960498
10/12/2020,58,25.21279718,54.6946217
10/13/2020,54.82926829,23.27560904,47.46277727
10/14/2020,53.95121951,23.6571764,39.68398663
10/15/2020,54.7804878,23.09950103,37.25311455
10/16/2020,54.63414634,23.07014969,40.74749316
10/19/2020,54.63414634,24.62577047,47.46277727
10/20/2020,54.68292683,25.3889052,41.41598298
10/21/2020,55.41463415,25.27149985,40.23093285
10/22/2020,56.92682927,27.32609334,41.8109997
10/23/2020,56.3902439,27.47285001,39.80553023
10/26/2020,56.3902439,25.41825653,36.85809784
10/27/2020,57.12195122,24.80187849,37.40504406
10/28/2020,57.51219512,24.18550044,34.97417198
10/29/2020,56.04878049,24.71382448,33.78912185
10/30/2020,56.24390244,24.03874376,31.63172288
11/2/2020,54.3902439,24.42031112,28.83621999
11/3/2020,56.82926829,25.35955386,31.35824977
11/4/2020,55.65853659,25.0660405,30.96323306
11/5/2020,58.63414634,26.62166129,32.96870252
11/6/2020,57.65853659,26.44555327,33.39410514
11/9/2020,68.3902439,38.39154682,50.53175327
11/10/2020,68.58536585,39.80041092,47.06776056
11/11/2020,70.82926829,38.65570883,41.9629292
11/12/2020,68.53658537,36.19019665,39.41051352
11/13/2020,70,40.0352216,39.80553023
11/16/2020,72.82926829,41.8550044,41.68945609
11/17/2020,74.63414634,43.43997652,39.95745974
11/18/2020,75.46341463,43.76284121,43.69492555
11/19/2020,73.65853659,42.61813913,42.75296263
11/20/2020,73.6097561,43.11711183,44.91036159
11/23/2020,75.56097561,45.96419137,51.07869948
11/24/2020,76.34146341,49.75051365,61.4099058
11/25/2020,74.34146341,48.75256824,60.19446977
11/27/2020,75.51219512,49.25154095,59.64752355
11/30/2020,72.34146341,45.34781333,57.24703737
12/1/2020,73.80487805,47.75462284,55.63658462
12/2/2020,75.17073171,50.01467567,57.9155272
12/3/2020,69.12195122,39.0372762,48.64782741
12/4/2020,71.70731707,42.41267978,47.06776056
12/7/2020,70.53658537,40.50484297,47.73625038
12/8/2020,72.68292683,44.0857059,53.35764205
12/9/2020,74.19512195,44.46727326,51.7471893
12/10/2020,75.65853659,43.99765189,54.8161653
12/11/2020,74.87804878,47.69592016,52.53722273
12/14/2020,71.26829268,46.08159671,42.75296263
12/15/2020,74.48780488,47.69592016,38.34700699
12/16/2020,72.87804878,46.87408277,37.25311455
12/17/2020,75.12195122,48.92867625,38.19507748
12/18/2020,76.73170732,47.63721749,37.52658766
12/21/2020,77.26829268,47.3143528,35.91613491
12/22/2020,78.19512195,45.55327267,34.73108478
12/23/2020,82.53658537,48.66451424,34.30568216
12/24/2020,82.97560976,48.45905489,33.63719234
12/28/2020,86.34146341,49.80921632,32.02673959
12/29/2020,87.07317073,51.13002642,30.68975995
12/30/2020,90,52.18667449,28.9577636
12/31/2020,87.90243902,51.10067508,28.41081738
1/4/2021,85.85365854,47.43175814,26.95229414
1/5/2021,88.63414634,48.69386557,26.55727742
1/6/2021,90.48780488,50.36689169,26.95229414
1/7/2021,88.29268293,50.24948635,27.46885445
1/8/2021,89.17073171,51.27678309,28.68429049
1/11/2021,87.65853659,49.60375697,29.50470981
1/12/2021,88.7804878,52.01056648,30.68975995
1/13/2021,88.48780488,51.92251247,29.23123671
1/14/2021,92.34146341,55.70883475,29.23123671
1/15/2021,89.46341463,56.09040211,31.23670617
1/19/2021,90.53658537,57.17640153,41.02096627
1/20/2021,90.82926829,56.47196947,39.80553023
1/21/2021,89.26829268,54.50543,39.95745974
1/22/2021,90.09756098,57.41121221,47.06776056
1/25/2021,91.36585366,62.34223657,59.25250684
1/26/2021,91.75609756,61.60845318,66.48435126
1/27/2021,94.48780488,64.63164074,266.7578244
1/28/2021,94.29268293,62.43029058,115.6791249
1/29/2021,92.19512195,59.40710302,177.7575205
2/1/2021,96.24390244,60.02348107,178.3044667
2/2/2021,91.70731707,55.32726739,104.8313582
2/3/2021,92.04878049,58.08629293,120.23701
2/4/2021,89.26829268,59.26034635,95.04709815
2/5/2021,89.2195122,58.17434693,91.55271954
2/8/2021,88.7804878,58.1449956,82.83196597
2/9/2021,87.17073171,57.41121221,73.71619569
2/10/2021,90.97560976,61.16818315,77.75752051
2/11/2021,89.75609756,60.37569709,75.20510483
2/12/2021,90.92682927,60.40504843,74.93163172
2/16/2021,96.82926829,62.45964191,75.75205105
2/17/2021,98.7804878,62.01937188,74.41507141
2/18/2021,97.46341463,61.66715586,73.86812519
2/19/2021,95.17073171,64.07396537,76.42054087
2/22/2021,100.4878049,68.12444966,87.81525372
2/23/2021,100.0487805,67.97769299,103.2209055
2/24/2021,101.6585366,70.76606986,121.8474628
2/25/2021,100.1463415,66.89169357,111.1212397
2/26/2021,100.8292683,65.89374817,107.3837739
3/1/2021,104.5853659,70.14969181,123.0628988
3/2/2021,104.6829268,70.09098914,119.7204497
3/3/2021,105.7073171,70.85412386,115.0106351
3/4/2021,101.0243902,69.94423246,107.657247
3/5/2021,119.9512195,71.29439389,107.9003342
3/8/2021,114.097561,71.85206927,124.551808
3/9/2021,112.9756098,70.38450249,140.7474932
3/10/2021,111.2682927,71.85206927,132.0571255
3/11/2021,114.0487805,70.09098914,137.8000608
3/12/2021,114.3902439,70.4725565,149.6201762
3/15/2021,114.4390244,75.78514822,188.2102704
3/16/2021,103.902439,71.47050191,174.536615
3/17/2021,103.6097561,70.8834752,181.7684594
3/18/2021,103.5121951,69.1517464,187.6633242
3/19/2021,104.0487805,69.38655709,186.7517472
3/22/2021,102.6341463,65.62958615,167.4263142
3/23/2021,98.43902439,60.81596713,142.9048921
3/24/2021,97.02439024,58.70267097,120.9054998
3/25/2021,99.46341463,61.02142647,146.6423579
3/26/2021,96.43902439,60.37569709,137.2835005
3/29/2021,96.87804878,58.96683299,138.7420237
3/30/2021,98.43902439,59.93542706,138.7420237
3/31/2021,98.04878049,59.90607573,136.8580978
4/1/2021,102.2926829,63.10537129,125.463385
4/5/2021,106.8780488,67.59612562,142.2364023
4/6/2021,107.4634146,68.82888171,136.7365542
4/7/2021,106.7317073,67.65482829,132.0571255
4/8/2021,107.3170732,67.42001761,131.2367062
4/9/2021,105.4146341,66.4220722,126.2838043
4/12/2021,103.804878,64.42618139,115.5575813
4/13/2021,102.097561,63.22277664,118.5050137
4/14/2021,102.6341463,63.75110068,125.3418414
4/15/2021,102.8780488,63.83915468,132.7256153
4/16/2021,103.2195122,62.40093924,125.0683683
4/19/2021,106.097561,64.74904608,129.5047098
4/20/2021,101.1707317,60.22894042,124.3998785
4/21/2021,103.1707317,61.72585853,131.1151626
4/22/2021,104.195122,62.37158791,133.9106655
4/23/2021,107.0731707,63.01731729,136.189608
4/26/2021,109.4146341,65.39477546,154.1780614
4/27/2021,107.1707317,64.89580276,153.6311152
4/28/2021,108.195122,63.95656002,145.4573078
4/29/2021,103.804878,63.39888465,136.7365542
4/30/2021,100.5853659,62.22483123,134.4576117
5/3/2021,104.0487805,64.98385677,130.1731996
5/4/2021,103.3170732,64.69034341,125.8887876
5/5/2021,100.8780488,61.99002055,122.9413552
5/6/2021,98.58536585,60.14088641,120.6624126
5/7/2021,102.0487805,63.31083064,127.4992404
5/10/2021,102.0487805,63.07601996,130.5682163
5/11/2021,100.3414634,62.87056061,134.7310848
5/12/2021,95.85365854,59.64191371,138.347007
5/13/2021,99.80487805,61.81391253,171.1941659
5/14/2021,100.5365854,65.24801878,173.9896688
5/17/2021,101.804878,64.77839742,186.9948344
5/18/2021,100.3414634,65.33607279,188.0887268
5/19/2021,101.4634146,65.48282947,169.4317837
5/20/2021,103.4634146,64.36747872,168.2467335
5/21/2021,104.2926829,63.80980335,161.9264661
5/24/2021,106.2926829,66.45142354,183.3789122
5/25/2021,105.4146341,67.06780158,219.9939228
5/26/2021,105.3658537,68.18315233,262.1999392
5/27/2021,110.195122,70.35515116,355.515041
5/28/2021,105.4146341,66.51012621,350.1671225
6/1/2021,108.6341463,71.64660992,429.5047098
6/2/2021,107.2682927,73.29028471,838.5293224
6/3/2021,106.9756098,67.71353097,688.2406563
6/4/2021,104.5365854,65.18931611,642.2667882
6/7/2021,107.5121951,66.48077488,737.3138864
6/8/2021,113.3170732,68.62342237,737.9823762
6/9/2021,113.3170732,68.12444966,661.4402917
6/10/2021,110,65.27737012,573.8985111
6/11/2021,110.9268293,67.12650426,662.2303251
6/14/2021,108.9268293,64.98385677,764.114251
6/15/2021,106.4878049,64.86645142,791.4615618
6/16/2021,107.0243902,66.04050484,739.7143725
6/17/2021,106.5853659,64.30877605,814.1294439
6/18/2021,105.3170732,64.22072204,794.4089942
6/21/2021,105.0243902,64.63164074,746.5512002
6/22/2021,104.3414634,64.42618139,781.1303555
6/23/2021,104.6341463,66.21661286,781.5557581
6/24/2021,108.4390244,67.15585559,760.1033121
6/25/2021,111.0731707,66.71558556,724.7037375
6/28/2021,108.5853659,64.92515409,779.0033424
6/29/2021,104.4390244,64.19137071,756.4873899
6/30/2021,104.8780488,64.42618139,759.829839
7/1/2021,106.3414634,64.69034341,726.8611364
7/2/2021,104.5853659,63.63369533,696.5663932
7/6/2021,100.3902439,60.8746698,669.7356427
7/7/2021,96.34146341,57.67537423,604.1932543
7/8/2021,95.31707317,57.61667156,642.6618049
7/9/2021,96.82926829,59.67126504,619.2038894
7/12/2021,93.85365854,55.70883475,571.2245518
7/13/2021,89.85365854,51.74640446,527.4992404
7/14/2021,87.36585366,49.69181098,448.161653
7/15/2021,85.02439024,47.57851482,482.5888788
7/16/2021,81.90243902,46.55121808,468.6721361
7/19/2021,79.26829268,44.32051658,464.114251
7/20/2021,81.31707317,46.25770473,577.6359769
7/21/2021,83.90243902,49.60375697,546.6727438
7/22/2021,82.24390244,47.66656883,499.2099666
7/23/2021,82.63414634,46.43381274,495.8675175
7/26/2021,85.17073171,48.86997358,540.1093892
7/27/2021,82.19512195,47.19694746,509.5411729
7/28/2021,80.43902439,47.2262988,521.482832
7/29/2021,80.24390244,46.37511007,511.1516256
7/30/2021,78.73170732,45.58262401,496.2625342
8/2/2021,78.09756098,45.02494864,471.8626557
8/3/2021,76.09756098,44.23246258,450.2886661
8/4/2021,73.85365854,42.06046375,400.0303859
8/5/2021,74.97560976,45.02494864,449.2251595
8/6/2021,75.02439024,45.87613736,438.347007
8/9/2021,71.56097561,44.0857059,453.1145548
8/10/2021,71.02439024,43.64543587,425.6153145
8/11/2021,72.3902439,44.40857059,422.9413552
8/12/2021,71.36585366,43.52803053,443.3302947
8/13/2021,71.2195122,42.47138245,448.6782133
8/16/2021,70.82926829,42.97035515,478.4563962
8/17/2021,70.48780488,43.38127385,498.14646
8/18/2021,69.2195122,43.32257118,489.9726527
8/19/2021,66.68292683,40.91576167,453.388028
8/20/2021,68.29268293,42.50073378,461.2883622
8/23/2021,72.97560976,45.9054887,493.0416287
8/24/2021,77.26829268,47.25565013,593.3151018
8/25/2021,75.90243902,50.07337834,589.3041629
8/26/2021,75.26829268,50.30818902,540.3828624
8/27/2021,76.48780488,50.63105371,547.4931632
8/30/2021,75.6097561,49.86791899,580.8568824
8/31/2021,76.63414634,52.33343117,631.8140383
9/1/2021,75.75609756,49.92662166,585.6882407
9/2/2021,76.24390244,50.42559436,594.9255545
9/3/2021,74.29268293,49.92662166,590.1245822
9/7/2021,76.73170732,51.89316114,641.1728958
9/8/2021,75.26829268,51.13002642,635.4299605
9/9/2021,76.14634146,50.77781039,650.4405956
9/10/2021,74.87804878,49.42764896,672.4096019
9/13/2021,81.17073171,53.6835926,692.9200851
9/14/2021,80.04878049,53.09656589,634.0929809
9/15/2021,81.46341463,52.86175521,627.924643
9/16/2021,82.97560976,52.42148518,617.1984199
9/17/2021,82,52.6856472,592.5250684
9/20/2021,80.53658537,51.45289111,540.1093892
9/21/2021,80.19512195,51.57029645,520.3889395
9/22/2021,81.41463415,52.62694453,537.2835005
9/23/2021,87.26829268,55.23921338,535.9465208
9/24/2021,87.2195122,55.29791606,536.3415375
9/27/2021,90.24390244,56.4132668,526.8307505
9/28/2021,89.75609756,55.47402407,495.8675175
9/29/2021,91.56097561,56.14910478,476.4205409
9/30/2021,92.58536585,56.38391547,510.2096627
10/1/2021,96.14634146,58.46786029,515.5879672
10/4/2021,100.4878049,61.81391253,492.9200851
10/5/2021,102.3902439,64.01526269,496.8094804
10/6/2021,102.195122,64.07396537,493.7405044
10/7/2021,104.097561,62.60639859,511.2731692
10/8/2021,103.804878,62.10742589,498.5414768
10/11/2021,101.902439,56.94159084,499.3618961
10/12/2021,101.7560976,58.11564426,493.5885749
10/13/2021,100.4878049,57.29380687,508.2041933
10/14/2021,100.0487805,59.40710302,537.1619569
10/15/2021,99.65853659,59.23099501,546.1561835
10/18/2021,98.63414634,60.72791312,576.8459435
10/19/2021,98.34146341,59.31904902,546.946217
10/20/2021,102.0487805,59.17229234,548.0097235
10/21/2021,100.2439024,58.08629293,526.0407171
10/22/2021,106.5853659,59.99412973,490.6411425
10/25/2021,104.3902439,59.26034635,493.7405044
10/26/2021,103.0731707,58.52656296,483.2573686
10/27/2021,100.9268293,57.08834752,465.9677909
10/28/2021,98,57.38186087,472.2880583
10/29/2021,91.95121951,55.18051071,474.1415983
11/1/2021,96.09756098,61.34429117,496.931024
11/2/2021,96.14634146,60.78661579,519.9939228
11/3/2021,97.41463415,61.13883182,546.8246734
11/4/2021,96.04878049,59.9647784,536.8884837
11/5/2021,101.2195122,64.89580276,559.0094196
11/8/2021,101.4634146,63.54564133,604.0413248
11/9/2021,99.26829268,63.86850602,535.278031
11/10/2021,99.90243902,62.31288524,513.3090246
11/11/2021,101.2195122,62.37158791,528.9881495
11/12/2021,99.12195122,60.02348107,536.2199939
11/15/2021,97.17073171,60.25829175,572.1361288
11/16/2021,97.36585366,60.25829175,571.0726223
11/17/2021,91.70731707,57.41121221,564.7827408
11/18/2021,91.31707317,56.03169944,541.719842
11/19/2021,89.26829268,52.7737012,547.8881799
11/22/2021,90.58536585,52.89110655,552.8410817
11/23/2021,88.73170732,50.54299971,524.9468247
11/24/2021,89.95121951,49.63310831,521.3309025
11/26/2021,83.75609756,46.96213678,504.4363415
11/29/2021,83.51219512,47.60786616,493.862048
11/30/2021,80.43902439,45.55327267,454.9984807
12/1/2021,77.65853659,44.64338127,382.9838955
12/2/2021,82.43902439,46.22835339,405.9252507
12/3/2021,81.46341463,45.25975932,388.9091462
12/6/2021,84.82926829,48.75256824,385.9313279
12/7/2021,85.80487805,50.10272967,416.1045275
12/8/2021,87.65853659,50.13208101,433.6675782
12/9/2021,86.48780488,49.60375697,394.9255545
12/10/2021,89.12195122,49.5450543,367.8517168
12/13/2021,84.63414634,47.37305547,311.5466424
12/14/2021,83.51219512,47.7252715,328.4412033
12/15/2021,86.04878049,48.31229821,330.5682163
12/16/2021,84.73170732,47.43175814,327.7727135
12/17/2021,87.02439024,47.57851482,390.3676694
12/20/2021,85.65853659,48.75256824,398.14646
12/21/2021,89.26829268,50.57235104,406.1987238
12/22/2021,90.09756098,50.8658644,384.4728046
12/23/2021,89.65853659,51.15937775,382.3154057
12/27/2021,88.43902439,49.19283827,384.7462777
12/28/2021,89.07317073,49.1341356,371.5891826
12/29/2021,88.24390244,48.48840622,374.6885445
12/30/2021,87.26829268,48.37100088,387.9671832
12/31/2021,87.02439024,47.3143528,364.6308113
1/3/2022,92.29268293,49.955973,355.515041
1/4/2022,95.51219512,50.54299971,341.719842
1/5/2022,91.56097561,49.28089228,304.9832878
1/6/2022,89.80487805,49.19283827,301.0938924
1/7/2022,92.68292683,50.39624303,308.2041933
1/10/2022,92.82926829,49.86791899,305.3783045
1/11/2022,92.97560976,50.16143235,305.4998481
1/12/2022,92.87804878,50.54299971,304.588271
1/13/2022,91.46341463,50.30818902,276.9674871
1/14/2022,90.7804878,51.01262107,275.752051
1/18/2022,88.34146341,49.60375697,252.5676086
1/19/2022,86.43902439,48.19489287,245.5788514
1/20/2022,85.12195122,47.93073085,242.2364023
1/21/2022,83.75609756,46.96213678,240.8994227
1/24/2022,83.80487805,45.49457,223.0628988
1/25/2022,82.7804878,46.25770473,214.7675479
1/26/2022,80.92682927,45.70002935,213.6736554
1/27/2022,77.70731707,41.8550044,194.6520814
1/28/2022,79.65853659,42.08981509,201.8839259
1/31/2022,84.14634146,44.32051658,215.2841082
2/1/2022,90.63414634,46.11094805,226.0103312
2/2/2022,86,44.70208394,206.7152841
2/3/2022,84.09756098,44.40857059,199.3315102
2/4/2022,84.48780488,45.25975932,205.7733212
2/7/2022,88.14634146,46.55121808,199.8784564
2/8/2022,92.14634146,48.34164955,220.2673959
2/9/2022,96.43902439,50.63105371,253.9045883
2/10/2022,95.90243902,50.39624303,249.1947736
2/11/2022,95.51219512,50.22013502,252.1725919
2/14/2022,94.68292683,50.51364837,237.9519903
2/15/2022,100.8780488,53.85970062,261.1364327
2/16/2022,99.75609756,53.56618726,263.6888484
2/17/2022,99.07317073,52.39213384,253.9045883
2/18/2022,98.97560976,51.39418844,239.9574597
2/22/2022,96.3902439,49.77986498,220.7839562
2/23/2022,95.02439024,48.86997358,210.8781525
2/24/2022,103.1219512,52.09862049,237.0100273
2/25/2022,100.2926829,52.01056648,236.7365542
2/28/2022,100.8780488,51.48224244,252.8410817
3/1/2022,95.36585366,50.42559436,245.5788514
3/2/2022,99.95121951,51.30613443,248.4047402
3/3/2022,98.87804878,51.45289111,242.1148587
3/4/2022,97.75609756,50.74845905,222.1209359
3/7/2022,88.43902439,44.14440857,203.8893953
3/8/2022,86.24390244,45.9054887,206.3202674
3/9/2022,89.2195122,48.04813619,210.6046794
3/10/2022,85.95121951,46.90343411,205.3783045
3/11/2022,83.17073171,45.28911065,191.704649
3/14/2022,83.46341463,44.93689463,181.7684594
3/15/2022,84.7804878,46.96213678,194.1051352
3/16/2022,88.68292683,48.34164955,204.1628684
3/17/2022,88.53658537,48.04813619,203.6159222
3/18/2022,87.65853659,47.16759613,211.8201155
3/21/2022,88.92682927,47.16759613,212.6101489
3/22/2022,94.09756098,49.25154095,244.788818
3/23/2022,94.63414634,50.19078368,278.0309936
3/24/2022,94.73170732,50.22013502,271.1941659
3/25/2022,94.92682927,50.10272967,271.3157095
3/28/2022,96.04878049,51.74640446,393.1935582
3/29/2022,94.19512195,52.6856472,394.6520814
3/30/2022,93.85365854,51.15937775,344.2418718
3/31/2022,92.34146341,50.71910772,330.3251291
4/1/2022,90.29268293,50.30818902,312.3366758
4/4/2022,90.19512195,50.71910772,312.4886053
4/5/2022,86.14634146,48.54710889,284.3208751
4/6/2022,85.17073171,47.16759613,273.3515649
4/7/2022,83.12195122,46.16965072,264.4788818
4/8/2022,82.68292683,46.22835339,244.5153449
4/11/2022,81.85365854,47.90137951,250.9571559
4/12/2022,82.53658537,48.92867625,233.5156487
4/13/2022,83.31707317,51.10067508,248.4047402
4/14/2022,82.14634146,49.955973,241.5679125
4/18/2022,81.31707317,49.69181098,234.3360681
4/19/2022,82.19512195,50.77781039,250.4102097
4/20/2022,80.82926829,49.83856765,232.4521422
4/21/2022,79.02439024,48.89932492,225.8887876
4/22/2022,78.04878049,48.75256824,221.4524461
4/25/2022,78.09756098,48.84062225,227.3473108
4/26/2022,75.07317073,47.60786616,207.7787906
4/27/2022,73.56097561,47.13824479,212.4886053
4/28/2022,73.07317073,46.55121808,209.6627165
4/29/2022,77.17073171,46.55121808,205.1048314
5/2/2022,79.56097561,46.84473144,204.5578851
5/3/2022,80.48780488,47.3143528,207.9307201
5/4/2022,79.95121951,47.05019078,210.726223
5/5/2022,76,44.29116525,196.931024
5/6/2022,77.2195122,44.55532727,184.4728046
5/9/2022,74.53658537,41.00381567,167.8517168
5/10/2022,75.31707317,42.99970649,158.7359465
5/11/2022,72.48780488,41.32668036,139.0154968
5/12/2022,74.97560976,43.26386851,150.1367366
5/13/2022,78.09756098,47.69592016,158.3105439
5/16/2022,76.3902439,46.14029938,156.9735643
5/17/2022,78.58536585,47.96008218,172.9261623
5/18/2022,76.58536585,45.78808336,171.0422364
5/19/2022,77.75609756,47.3143528,175.3570343
5/20/2022,76.82926829,46.72732609,161.2579763
5/23/2022,76.48780488,45.81743469,155.2415679
5/24/2022,73.46341463,44.17375991,139.2889699
5/25/2022,75.6097561,46.14029938,159.2525068
5/26/2022,78.3902439,47.46110948,163.9623215
5/27/2022,84.82926829,50.30818902,193.4366454
5/31/2022,84.48780488,49.83856765,192.2212094
6/1/2022,83.46341463,49.51570296,171.7107262
6/2/2022,83.36585366,49.63310831,178.3044667
6/3/2022,81.46341463,49.01673026,166.9097539
6/6/2022,83.80487805,49.955973,160.1944698
6/7/2022,84.3902439,50.63105371,175.2051048
6/8/2022,84.04878049,49.75051365,181.2518991
6/9/2022,81.17073171,47.87202818,171.3157095
6/10/2022,79.31707317,45.78808336,166.6362808
6/13/2022,73.12195122,42.91165248,153.9045883
6/14/2022,74.43902439,42.32462577,159.7994531
6/15/2022,76.82926829,43.64543587,171.1941659
6/16/2022,73.56097561,42.29527443,158.0370708
6/17/2022,73.02439024,41.91370707,167.9732604
6/21/2022,73.85365854,40.945113,167.5782437
6/22/2022,75.6097561,40.65159965,168.9152233
6/23/2022,74.87804878,40.82770766,161.5314494
6/24/2022,79.65853659,43.46932785,167.1528411
6/27/2022,80.97560976,44.17375991,189.4257065
6/28/2022,82.09756098,43.76284121,179.3679733
6/29/2022,81.31707317,43.73348987,182.9838955
6/30/2022,82.3902439,44.0857059,181.6469158
7/1/2022,81.90243902,44.11505724,181.3734427
7/5/2022,81.51219512,45.93484004,171.3157095
7/6/2022,79.07317073,45.37716466,168.5202066
7/7/2022,80.97560976,46.69797476,194.1051352
7/8/2022,78.73170732,45.78808336,196.5360073
7/11/2022,77.56097561,45.28911065,200.4254026
7/12/2022,78.14634146,45.93484004,209.1157703
7/13/2022,80.24390244,46.55121808,202.9474324
7/14/2022,79.41463415,46.22835339,201.8839259
7/15/2022,81.17073171,47.34370414,206.0467943
7/18/2022,81.6097561,48.84062225,221.7259192
7/19/2022,86.24390244,55.26856472,219.325433
7/20/2022,88.24390244,56.14910478,234.8526284
7/21/2022,88.29268293,57.2351042,227.8942571
7/22/2022,85.46341463,55.53272674,207.7787906
7/25/2022,85.26829268,56.56002348,199.8784564
7/26/2022,82.97560976,54.79894335,188.0887268
7/27/2022,83.95121951,55.06310537,194.1051352
7/28/2022,84.97560976,55.59142941,195.4421149
7/29/2022,82,53.80099795,195.1990277
8/1/2022,82.68292683,53.83034928,206.0467943
8/2/2022,81.85365854,55.29791606,226.0103312
8/3/2022,83.70731707,56.88288817,244.1203282
8/4/2022,85.07317073,56.79483416,250.1367366
8/5/2022,81.31707317,49.16348694,297.3260407
8/8/2022,81.2195122,50.74845905,321.2093589
8/9/2022,77.85365854,49.10478427,300.9419629
8/10/2022,81.80487805,50.36689169,317.3199635
8/11/2022,80.82926829,49.955973,341.2944394
8/12/2022,82.19512195,50.60170238,327.620784
8/15/2022,80.82926829,50.9539184,324.551808
8/16/2022,80.43902439,51.57029645,332.6040717
8/17/2022,79.02439024,50.36689169,286.3567305
8/18/2022,79.41463415,50.01467567,258.584017
8/19/2022,77.17073171,47.75462284,241.5679125
8/22/2022,73.85365854,44.9955973,280.4314798
8/23/2022,73.41463415,44.87819196,256.3050744
8/24/2022,76.14634146,45.43586733,256.8520207
8/25/2022,79.26829268,45.05429997,256.5785476
8/26/2022,76.43902439,43.49867919,245.8523245
8/29/2022,75.65853659,43.43997652,253.9045883
8/30/2022,76.09756098,42.73554447,248.5262838
8/31/2022,76.48780488,41.32668036,244.5153449
9/1/2022,74.19512195,40.50484297,230.051656
9/2/2022,71.95121951,39.9471676,238.0735339
9/6/2022,70.68292683,38.94922219,219.5685202
9/7/2022,75.51219512,40.29938362,224.9468247
9/8/2022,76.87804878,40.09392427,231.6621088
9/9/2022,78.34146341,41.29732903,260.5894865
9/12/2022,79.95121951,40.91576167,274.0200547
9/13/2022,76.48780488,39.21338421,260.5894865
9/14/2022,78.73170732,40.88641033,265.6943178
9/15/2022,77.46341463,40.53419431,264.9042844
9/16/2022,76.29268293,39.82976225,240.7778791
9/19/2022,75.51219512,39.36014089,246.1257976
9/20/2022,73.12195122,38.33284414,233.5156487
9/21/2022,69.41463415,36.89462871,230.5682163
9/22/2022,67.17073171,36.68916936,210.4527499
9/23/2022,67.65853659,35.54446727,214.2206016
9/26/2022,68.43902439,34.81068389,183.1054391
9/27/2022,70.68292683,35.66187262,199.7569128
9/28/2022,70.97560976,36.74787203,205.6517776
9/29/2022,70.04878049,36.83592603,190.3676694
9/30/2022,68.87804878,35.54446727,186.8732908
10/3/2022,70.63414634,36.13149398,184.4728046
10/4/2022,74.34146341,37.3055474,209.9361896
10/5/2022,73.46341463,36.19019665,196.5360073
10/6/2022,72.92682927,35.4857646,190.8842297
10/7/2022,71.31707317,33.69533314,175.0835612
10/10/2022,68.34146341,32.81479307,170.252203
10/11/2022,67.36585366,30.55474024,164.0838651
10/12/2022,65.51219512,29.87965952,156.8520207
10/13/2022,66.48780488,29.14587614,161.9264661
10/14/2022,65.56097561,27.47285001,160.8629596
10/17/2022,68.3902439,28.35339008,170.5256761
10/18/2022,68.29268293,27.97182272,174.536615
10/19/2022,67.56097561,26.97387731,163.810392
10/20/2022,67.56097561,26.85647197,170.252203
10/21/2022,68.53658537,28.67625477,173.9896688
10/24/2022,66.14634146,28.38274141,170.5256761
10/25/2022,65.90243902,29.38068682,180.978426
10/26/2022,67.85365854,30.14382154,178.0309936
10/27/2022,65.75609756,30.37863223,174.536615
10/28/2022,66,31.67009099,174.536615
10/31/2022,62.09756098,31.14176695,178.5475539
11/1/2022,62.09756098,31.55268565,164.8738985
11/2/2022,61.51219512,30.78955092,155.7581282
11/3/2022,59.46341463,31.14176695,152.8106958
11/4/2022,64.43902439,34.0769005,151.4737162
11/7/2022,67.2195122,35.83798063,142.9048921
11/8/2022,66.73170732,35.74992662,150.6836828
11/9/2022,63.07317073,34.37041385,139.1370404
11/10/2022,66.82926829,34.9867919,164.3573382
11/11/2022,71.46341463,36.36630467,193.0416287
11/14/2022,72.24390244,36.60111535,196.7790945
11/15/2022,75.02439024,37.89257411,213.1570951
11/16/2022,72.43902439,37.56970942,201.8839259
11/17/2022,72.04878049,37.36425007,198.14646
11/18/2022,73.36585366,37.10008805,203.4943786
11/21/2022,69.02439024,35.19225125,194.9255545
11/22/2022,70.48780488,36.01408864,196.2625342
11/23/2022,76.97560976,40.56354564,204.8313582
11/25/2022,78.68292683,40.65159965,201.3369796
11/28/2022,77.46341463,39.33078955,196.5360073
11/29/2022,79.2195122,39.44819489,199.2099666
11/30/2022,82.3902439,39.9471676,193.8316621
12/1/2022,81.85365854,40.4461403,219.0519599
12/2/2022,86.43902439,40.41678896,219.0519599
12/5/2022,82.82926829,38.86116818,199.7569128
12/6/2022,78.7804878,37.01203405,180.978426
12/7/2022,76.82926829,35.28030525,162.1999392
12/8/2022,83.17073171,36.395656,162.7468854
12/9/2022,80.73170732,35.80862929,159.2525068
12/12/2022,78.24390244,35.95538597,159.5259799
12/13/2022,75.51219512,36.01408864,153.3576421
12/14/2022,78.87804878,35.22160258,154.1780614
12/15/2022,73.17073171,33.6659818,150.1367366
12/16/2022,71.75609756,31.78749633,142.3579459
12/19/2022,67.80487805,28.50014676,131.1151626
12/20/2022,66.3902439,27.03257998,136.189608
12/21/2022,67.75609756,26.26944526,142.0844728
12/22/2022,70.48780488,27.50220135,131.6317229
12/23/2022,68.09756098,25.35955386,117.9580675
12/27/2022,70.34146341,25.65306721,108.0522637
12/28/2022,68.29268293,24.50836513,102.9474324
12/29/2022,71.07317073,25.3889052,110.9996961
12/30/2022,71.51219512,25.41825653,109.1157703
1/3/2023,71.85365854,24.71382448,105.3783045
1/4/2023,73.90243902,25.74112122,109.6627165
1/5/2023,75.56097561,25.3889052,106.1683379
1/6/2023,75.41463415,24.71382448,103.2209055
1/9/2023,77.17073171,25.79982389,105.3783045
1/10/2023,78.63414634,28.32403874,108.8422972
1/11/2023,78.53658537,27.97182272,131.905196
1/12/2023,80.3902439,30.78955092,134.5791553
1/13/2023,79.95121951,31.72879366,135.6730477
1/17/2023,78.68292683,32.55063105,162.7468854
1/18/2023,77.56097561,31.46463164,151.4737162
1/19/2023,76.68292683,31.40592897,148.0097235
1/20/2023,78.92682927,32.40387438,148.0097235
1/23/2023,81.02439024,32.84414441,151.7471893
1/24/2023,81.31707317,34.13560317,167.1224552
1/25/2023,82.92682927,33.78338714,142.9048921
1/26/2023,84.3902439,33.6659818,141.5679125
1/27/2023,82.24390244,33.93014382,147.7362504
1/30/2023,80.14634146,32.7560904,134.3360681
1/31/2023,82.92682927,35.04549457,143.4518383
2/1/2023,84.04878049,36.33695333,153.0841689
2/2/2023,86.3902439,37.7164661,163.0203586
2/3/2023,87.31707317,36.95333138,163.0203586
2/6/2023,86.29268293,37.33489874,182.3154057
2/7/2023,85.85365854,37.3055474,165.6943178
2/8/2023,84.04878049,36.92398004,153.3576421
2/9/2023,81.56097561,35.83798063,143.6949256
2/10/2023,80.97560976,34.34106252,131.3886357
2/13/2023,79.70731707,34.66392721,125.463385
2/14/2023,80.34146341,34.66392721,120.6624126
2/15/2023,84,36.24889932,138.6204801
2/16/2023,83.12195122,34.66392721,140.7474932
2/17/2023,82.34146341,34.28235985,140.504406
2/21/2023,81.90243902,36.63046669,163.5369189
2/22/2023,83.12195122,37.48165542,167.8517168
2/23/2023,89.36585366,38.42089815,167.0312975
2/24/2023,87.41463415,38.94922219,166.2412641
2/27/2023,89.17073171,40.91576167,204.0413248
2/28/2023,89.95121951,39.9471676,191.4311759
3/1/2023,90.63414634,39.41884356,176.1470678
3/2/2023,92.87804878,40.41678896,163.5369189
3/3/2023,91.56097561,40.35808629,176.4205409
3/6/2023,89.65853659,39.68300558,167.5782437
3/7/2023,89.90243902,39.06662753,161.1364327
3/8/2023,88.92682927,39.36014089,156.5785476
3/9/2023,85.80487805,37.62841209,151.4737162
3/10/2023,84.92682927,37.7164661,144.2418718
3/13/2023,83.85365854,37.74581743,146.3992707
3/14/2023,83.80487805,37.62841209,124.3998785
3/15/2023,83.46341463,37.01203405,112.883622
3/16/2023,84.29268293,37.07073672,117.7149802
3/17/2023,80.63414634,36.01408864,112.0632027
3/20/2023,84.82926829,37.86322278,114.4940747
3/21/2023,86.19512195,38.1273848,118.2315406
3/22/2023,85.95121951,36.74787203,116.3476147
3/23/2023,87.75609756,38.86116818,119.8419933
3/24/2023,88.14634146,39.38949222,119.8419933
3/27/2023,89.02439024,40.41678896,121.9993923
3/28/2023,92.14634146,41.17992369,138.0735339
3/29/2023,90.92682927,41.88435574,134.062595
3/30/2023,91.2195122,42.32462577,133.2421756
3/31/2023,93.56097561,43.41062518,134.3360681
4/3/2023,92.87804878,43.61608453,137.0100273
4/4/2023,92.73170732,42.79424714,104.8313582
4/5/2023,94,42.11916642,108.59921
4/6/2023,96.63414634,44.64338127,131.3886357
4/10/2023,101.7073171,47.57851482,140.504406
4/11/2023,102,47.78397417,145.5788514
4/12/2023,101.2682927,47.93073085,143.1783652
4/13/2023,100.5365854,48.51775756,146.3992707
4/14/2023,101.2682927,47.78397417,137.2835005
4/17/2023,101.0731707,48.98737893,139.4105135
4/18/2023,99.95121951,48.54710889,135.3995746
4/19/2023,101.4146341,48.6351629,136.7365542
4/20/2023,100.6341463,48.48840622,133.2421756
4/21/2023,98.73170732,48.37100088,133.7891218
4/24/2023,98.63414634,48.34164955,132.9687025
4/25/2023,96.34146341,47.07954212,138.0735339
4/26/2023,94.63414634,46.63927209,139.1370404
4/27/2023,97.41463415,48.72321691,143.9683987
4/28/2023,102.195122,49.5450543,147.4627773
5/1/2023,102.6341463,50.19078368,151.4737162
5/2/2023,99.02439024,49.39829762,147.4627773
5/3/2023,97.90243902,48.37100088,153.9045883
5/4/2023,94.04878049,48.45905489,158.7359465
5/5/2023,93.6097561,47.37305547,157.9155272
5/8/2023,96.82926829,47.90137951,158.1890003
5/9/2023,96.29268293,49.75051365,148.5262838
5/10/2023,95.65853659,50.044027,147.1893042
5/11/2023,93.6097561,48.34164955,143.1783652
5/12/2023,92.14634146,48.28294687,139.4105135
5/15/2023,94.34146341,49.72116231,137.8000608
5/16/2023,93.6097561,48.42970355,132.9687025
5/17/2023,94.34146341,50.39624303,136.7365542
5/18/2023,93.12195122,49.89727033,135.9465208
5/19/2023,92.19512195,49.45700029,134.8526284
5/22/2023,92.29268293,49.77986498,137.2835005
5/23/2023,90.87804878,49.89727033,134.8526284
5/24/2023,89.36585366,49.80921632,130.8416895
5/25/2023,85.26829268,49.33959495,126.0103312
5/26/2023,83.90243902,48.60581156,124.3998785
5/30/2023,84.63414634,47.19694746,124.1264053
5/31/2023,84.58536585,46.99148811,120.6624126
6/1/2023,85.80487805,47.7252715,121.9993923
6/2/2023,88.04878049,49.36894629,121.9993923
6/5/2023,87.07317073,50.9539184,124.1264053
6/6/2023,91.85365854,51.92251247,124.3998785
6/7/2023,92.34146341,53.65424127,126.8307505
6/8/2023,90.43902439,53.88905195,125.463385
6/9/2023,90.09756098,54.76959202,127.8942571
6/12/2023,89.95121951,54.18256531,128.4108174
6/13/2023,89.31707317,53.97710596,134.062595
6/14/2023,89.02439024,50.57235104,131.3886357
6/15/2023,87.46341463,50.30818902,127.620784
6/16/2023,87.6097561,50.044027,126.0103312
6/20/2023,84.82926829,48.2242442,123.0628988
6/21/2023,84.97560976,48.19489287,121.4524461
6/22/2023,83.90243902,47.7252715,111.7897296
6/23/2023,84.19512195,47.54916349,107.5053175
6/26/2023,84.53658537,46.72732609,108.0522637
6/27/2023,82.82926829,46.55121808,109.9361896
6/28/2023,83.56097561,46.90343411,118.2315406
6/29/2023,84.34146341,48.98737893,118.5050137
6/30/2023,82.87804878,48.42970355,117.9580675
7/3/2023,84.92682927,48.6351629,119.0519599
7/5/2023,82.19512195,46.43381274,113.9471285
7/6/2023,81.46341463,45.64132668,115.0106351
7/7/2023,81.07317073,45.87613736,112.6101489
7/10/2023,80.68292683,47.49046082,113.6736554
7/11/2023,83.90243902,46.78602876,117.7149802
7/12/2023,83.31707317,47.43175814,117.9580675
7/13/2023,88.24390244,48.2242442,119.0519599
7/14/2023,82.19512195,45.67067802,116.1045275
7/17/2023,81.56097561,44.11505724,117.168034
7/18/2023,81.75609756,45.20105665,115.5575813
7/19/2023,82.43902439,46.69797476,117.168034
7/20/2023,80.97560976,45.81743469,116.1045275
7/21/2023,80.04878049,45.43586733,117.9580675
7/24/2023,82.3902439,45.17170531,156.8520207
7/25/2023,82.43902439,45.14235398,137.2835005
7/26/2023,84.7804878,46.72732609,135.9465208
7/27/2023,91.95121951,47.2262988,121.178973
7/28/2023,90.92682927,48.66451424,124.3998785
7/31/2023,89.80487805,48.98737893,133.2421756
8/1/2023,89.75609756,49.72116231,132.1786691
8/2/2023,90.82926829,50.89521573,128.6842905
8/3/2023,92.34146341,50.83651306,131.6317229
8/4/2023,93.51219512,51.45289111,132.1786691
8/7/2023,95.85365854,53.03786322,137.2835005
8/8/2023,95.85365854,53.88905195,136.4630811
8/9/2023,92.3902439,51.45289111,131.3886357
8/10/2023,94.34146341,52.33343117,133.5156487
8/11/2023,95.17073171,51.39418844,141.0209663
8/14/2023,94.04878049,50.60170238,90.88422972
8/15/2023,94.48780488,52.39213384,98.66302036
8/16/2023,94.24390244,52.30407984,100.5469462
8/17/2023,93.07317073,51.98121515,108.3257369
8/18/2023,95.2195122,52.71499853,109.6627165
8/21/2023,95.41463415,51.7757558,83.65238529
8/22/2023,92.82926829,50.63105371,68.36827712
8/23/2023,93.70731707,49.69181098,59.55636585
8/24/2023,90.92682927,47.3143528,43.66453965
8/25/2023,90.97560976,46.05224538,37.76967487
8/28/2023,91.17073171,46.49251541,33.63719234
8/29/2023,90.7804878,46.14029938,33.15101793
8/30/2023,92.53658537,47.13824479,38.6812519
8/31/2023,93.31707317,47.78397417,38.13430568
9/1/2023,92.63414634,49.98532433,39.80553023
9/5/2023,92.73170732,49.25154095,41.44636888
9/6/2023,92.53658537,48.72321691,26.19264661
9/7/2023,90.63414634,48.1361902,24.67335156
9/8/2023,90.92682927,47.37305547,21.81707688
9/11/2023,91.41463415,47.25565013,22.30325129
9/12/2023,90.7804878,48.07748753,23.00212701
9/13/2023,88.53658537,48.54710889,25.03798238
9/14/2023,90.3902439,48.48840622,24.73412337
9/15/2023,91.41463415,49.22218961,25.40261319
9/18/2023,92.24390244,49.60375697,23.70100273
9/19/2023,91.75609756,51.10067508,25.06836828
9/20/2023,90.53658537,50.57235104,24.79489517
9/21/2023,94.97560976,52.15732316,23.39714373
9/22/2023,92.97560976,51.7757558,23.15405652
9/25/2023,94.3902439,53.15526856,24.73412337
9/26/2023,93.31707317,52.86175521,24.03524765
9/27/2023,94.3902439,53.09656589,23.00212701
9/28/2023,92.7804878,53.39007925,23.67061683
9/29/2023,94.24390244,53.85970062,24.27833485
10/2/2023,95.36585366,54.27061931,24.76450927
10/3/2023,92.3902439,53.47813326,23.85293224
10/4/2023,92.14634146,54.593484,25.34184139
10/5/2023,92.87804878,54.82829469,25.22029778
10/6/2023,96.68292683,57.70472557,28.13734427
10/9/2023,94.87804878,55.97299677,29.83895473
10/10/2023,92.04878049,55.44467273,30.14281373
10/11/2023,91.2195122,54.15321397,31.66210878
10/12/2023,87.95121951,52.71499853,33.42449104
10/13/2023,86.53658537,49.89727033,28.86660589
10/16/2023,86.68292683,47.90137951,28.35004558
10/17/2023,87.75609756,48.42970355,29.96049833
10/18/2023,87.2195122,47.60786616,27.83348526
10/19/2023,87.90243902,47.51981215,28.44120328
10/20/2023,87.80487805,46.22835339,27.59039806
10/23/2023,87.65853659,45.58262401,27.83348526
10/24/2023,89.2195122,45.11300264,28.35004558
10/25/2023,88.34146341,45.46521867,28.19811607
10/26/2023,88.97560976,45.78808336,28.04618657
10/27/2023,87.51219512,45.52392134,27.80309936
10/30/2023,88.87804878,47.98943352,30.26435734
10/31/2023,88.82926829,48.40035222,32.45214221
11/1/2023,88.24390244,48.66451424,30.47705864
11/2/2023,90.53658537,49.45700029,31.87481009
11/3/2023,90.87804878,48.25359554,32.57368581
11/6/2023,87.2195122,44.76078662,33.27256153
11/7/2023,86.63414634,45.25975932,31.05439076
11/8/2023,86,43.82154388,30.65937405
11/9/2023,86.63414634,43.46932785,26.46611972
11/10/2023,85.6097561,42.58878779,24.33910665
11/13/2023,82.63414634,42.41267978,24.00486174
11/14/2023,84.14634146,43.55738186,24.52142206
11/15/2023,83.51219512,42.50073378,23.97447584
11/16/2023,82.53658537,41.88435574,22.4551808
11/17/2023,83.26829268,42.2659231,22.5767244
11/20/2023,80.92682927,41.56149105,21.75630507
11/21/2023,79.95121951,41.15057235,20.20662413
11/22/2023,79.95121951,40.88641033,21.23974476
11/24/2023,81.07317073,41.73759906,20.96627165
11/27/2023,79.46341463,42.32462577,20.66241264
11/28/2023,78.58536585,42.44203111,20.35855363
11/29/2023,78.92682927,43.20516584,21.78669098
11/30/2023,77.80487805,41.82565307,20.20662413
12/1/2023,79.46341463,42.88230114,20.84472805
12/4/2023,79.85365854,43.41062518,22.75903981
12/5/2023,76.43902439,41.29732903,21.33090246
12/6/2023,76.63414634,41.64954505,20.63202674
12/7/2023,76.58536585,43.05840916,20.72318444
12/8/2023,79.56097561,43.1758145,21.05742935
12/11/2023,79.95121951,44.5846786,21.60437557
12/12/2023,77.80487805,44.0857059,20.41932543
12/13/2023,78.73170732,45.14235398,20.69279854
12/14/2023,78.48780488,45.05429997,20.38893953
12/15/2023,77.85365854,44.87819196,20.20662413
12/18/2023,76.3902439,43.76284121,20.48009723
12/19/2023,75.90243902,43.82154388,20.48009723
12/20/2023,72.68292683,41.50278838,18.74810088
12/21/2023,73.65853659,42.47138245,18.44424187
12/22/2023,72.92682927,41.3560317,18.53539957
12/26/2023,73.26829268,40.82770766,18.56578548
12/27/2023,72.48780488,41.06251834,18.71771498
12/28/2023,73.02439024,41.29732903,18.86964448
12/29/2023,73.26829268,41.3560317,18.59617138
1/2/2024,73.07317073,40.97446434,18.56578548
1/3/2024,73.36585366,40.91576167,16.95533273
1/4/2024,73.12195122,40.56354564,16.1045275
1/5/2024,74.09756098,40.4461403,15.70951079
1/8/2024,73.2195122,40.47549163,16.0741416
1/9/2024,71.02439024,40.09392427,15.31449407
1/10/2024,71.6097561,40.62224831,14.91947736
1/11/2024,70.14634146,39.18403287,14.28137344
1/12/2024,70.87804878,39.62430291,13.85597083
1/16/2024,68.97560976,39.33078955,12.7924643
1/17/2024,69.07317073,39.88846493,12.48860529
1/18/2024,69.12195122,40.32873496,13.46095412
1/19/2024,68.92682927,41.82565307,13.70404132
1/22/2024,70,42.35397711,13.61288362
1/23/2024,69.41463415,41.82565307,13.15709511
1/24/2024,68.73170732,40.88641033,12.54937709
1/25/2024,68.97560976,41.29732903,12.39744758
1/26/2024,68.97560976,41.8550044,12.36706168
1/29/2024,69.02439024,42.35397711,12.9747797
1/30/2024,68.04878049,40.88641033,12.48860529
1/31/2024,68.14634146,40.59289698,12.30628988
2/1/2024,67.07317073,40.65159965,12.33667578
2/2/2024,67.31707317,41.38538303,12.18474628
2/5/2024,65.75609756,40.91576167,11.15162565
2/6/2024,66.04878049,41.47343704,12.36706168
2/7/2024,66,42.38332844,11.97204497
2/8/2024,68.34146341,43.6747872,12.42783349
2/9/2024,68.58536585,44.14440857,13.30902461
2/12/2024,69.36585366,44.79013795,13.85597083
2/13/2024,68.43902439,45.34781333,13.64326952
2/14/2024,71.2195122,46.3164074,14.58523245
2/15/2024,71.90243902,48.57646023,14.85870556
2/16/2024,73.46341463,48.54710889,14.67639015
2/20/2024,75.31707317,48.2242442,14.15982984
2/21/2024,74.53658537,47.84267684,13.88635673
2/22/2024,74,47.2262988,13.43056822
2/23/2024,75.56097561,47.81332551,13.49134002
2/26/2024,76.3902439,47.10889345,13.52172592
2/27/2024,77.02439024,49.33959495,14.61561835
2/28/2024,85.56097561,50.4549457,15.16256457
2/29/2024,83.56097561,51.10067508,13.12670921
3/1/2024,82.29268293,51.59964778,13.24825281
3/4/2024,81.31707317,50.22013502,13.12670921
3/5/2024,82.73170732,50.54299971,13.67365542
3/6/2024,81.36585366,50.07337834,13.85597083
3/7/2024,81.95121951,51.80510713,13.97751443
3/8/2024,79.2195122,50.30818902,13.06593741
3/11/2024,82.34146341,51.83445847,13.24825281
3/12/2024,82,53.21397124,13.18748101
3/13/2024,82.63414634,55.38597006,13.24825281
3/14/2024,82.09756098,55.32726739,12.9747797
3/15/2024,80.48780488,53.83034928,13.49134002
3/18/2024,76.63414634,53.6835926,13.33941051
3/19/2024,78.04878049,52.92045788,12.9747797
3/20/2024,77.07317073,52.48018785,12.9140079
3/21/2024,78.29268293,52.2747285,12.7620784
3/22/2024,78.09756098,52.74434987,12.39744758
3/25/2024,77.41463415,52.03991782,12.42783349
3/26/2024,76.63414634,51.62899912,12.36706168
3/27/2024,78.82926829,53.03786322,13.18748101
3/28/2024,78.87804878,52.74434987,11.30355515
4/1/2024,77.26829268,54.18256531,9.541172896
4/2/2024,78,54.0945113,9.419629292
4/3/2024,77.75609756,54.88699736,9.176542084
4/4/2024,78.34146341,55.06310537,9.115770283
4/5/2024,78.7804878,58.02759026,9.146156184
4/8/2024,79.07317073,56.29586146,8.963840778
4/9/2024,81.02439024,56.00234811,9.02461258
4/10/2024,81.65853659,54.24126798,8.599209967
4/11/2024,81.56097561,53.53683593,8.508052264
4/12/2024,80.14634146,52.21602583,8.05226375
4/15/2024,79.65853659,51.89316114,7.505317533
4/16/2024,82.29268293,53.21397124,8.264965056
4/17/2024,83.26829268,53.21397124,9.054998481
4/18/2024,83.46341463,53.1846199,8.872683075
4/19/2024,83.56097561,53.47813326,9.601944698
4/22/2024,83.65853659,52.42148518,10.39197812
4/23/2024,85.07317073,52.33343117,10.30082042
4/24/2024,86.14634146,51.98121515,9.966575509
4/25/2024,85.17073171,51.30613443,9.966575509
4/26/2024,83.65853659,51.80510713,10.36159222
4/29/2024,83.31707317,51.48224244,9.206927985
4/30/2024,78.09756098,50.30818902,8.903068976
5/1/2024,78.97560976,51.15937775,9.02461258
5/2/2024,79.90243902,51.62899912,9.510786995
5/3/2024,81.51219512,52.01056648,10.02734731
5/6/2024,83.17073171,49.92662166,9.99696141
5/7/2024,81.46341463,51.01262107,9.6931024
5/8/2024,80.97560976,50.98326974,9.6931024
5/9/2024,80.97560976,50.54299971,9.267699787
5/10/2024,81.12195122,50.42559436,8.842297174
5/13/2024,85.56097561,52.92045788,15.77028259
5/14/2024,86.29268293,55.12180804,20.81434215
5/15/2024,85.95121951,54.97505136,16.65147372
5/16/2024,82.58536585,52.2747285,14.09905804
5/17/2024,82.73170732,51.89316114,13.36979641
5/20/2024,82.7804878,51.89316114,14.67639015
5/21/2024,80.87804878,51.30613443,14.12944394
5/22/2024,80.87804878,52.12797182,15.37526588
5/23/2024,80.68292683,52.09862049,13.82558493
5/24/2024,82.43902439,52.48018785,14.70677606
5/28/2024,79.70731707,50.16143235,14.82831966
5/29/2024,81.2195122,49.75051365,13.67365542
5/30/2024,81.12195122,49.86791899,12.8532361
5/31/2024,80.19512195,50.68975638,13.15709511
6/3/2024,78.82926829,50.19078368,14.61561835
6/4/2024,75.95121951,48.86997358,14.55484655
6/5/2024,76.24390244,48.34164955,15.64873899
6/6/2024,76.63414634,49.5450543,17.59343665
6/7/2024,73.75609756,49.31024362,14.91947736
6/10/2024,74.04878049,49.33959495,14.31175934
6/11/2024,74.43902439,50.33754036,15.86144029
6/12/2024,76.43902439,52.45083651,14.91947736
6/13/2024,74.63414634,52.33343117,15.80066849
6/14/2024,75.12195122,53.80099795,15.16256457
6/17/2024,76.48780488,56.23715879,14.85870556
6/18/2024,79.65853659,57.96888758,14.76754786
6/20/2024,80.04878049,56.91223951,14.61561835
6/21/2024,82.24390244,57.17640153,13.82558493
6/24/2024,84.14634146,60.90402113,13.88635673
6/25/2024,85.75609756,62.87056061,13.76481313
6/26/2024,82.63414634,62.37158791,14.22060164
6/27/2024,82.73170732,62.04872322,14.52446065
6/28/2024,81.80487805,63.45758732,15.13217867
7/1/2024,82.87804878,63.31083064,15.31449407
7/2/2024,82.68292683,62.87056061,15.83105439
7/3/2024,81.02439024,62.6944526,15.28410817
7/5/2024,81.46341463,63.78045201,15.34487998
7/8/2024,83.02439024,64.1033167,16.62108782
7/9/2024,80.97560976,63.604344,16.59070191
7/10/2024,80.53658537,63.07601996,15.83105439
7/11/2024,84.58536585,63.28147931,15.86144029
7/12/2024,84.97560976,63.39888465,15.9829839
7/15/2024,84.19512195,62.48899325,16.1956852
7/16/2024,84.3902439,61.19753449,16.62108782
7/17/2024,84.68292683,60.99207514,16.46915831
7/18/2024,86.04878049,63.72174934,15.49680948
7/19/2024,86.53658537,62.72380393,15.22333637
7/22/2024,86.92682927,63.692398,16.0437557
7/23/2024,86.58536585,65.30672146,15.43603768
7/24/2024,86.97560976,63.16407397,14.25098754
7/25/2024,94.63414634,62.54769592,15.61835308
7/26/2024,98,64.54358673,15.73989669
7/29/2024,97.02439024,66.21661286,15.70951079
7/30/2024,100.7317073,67.15585559,15.52719538
7/31/2024,102.9268293,69.21044908,16.1349134
8/1/2024,103.3170732,67.77223364,15.55758128
8/2/2024,103.902439,72.93806868,15.01063507
8/5/2024,101.2682927,74.6110948,15.04102097
8/6/2024,100.4390244,76.90049897,15.43603768
8/7/2024,97.95121951,76.37217493,14.64600425
8/8/2024,98.63414634,76.22541826,15.43603768
8/9/2024,97.36585366,76.25476959,15.19295047
8/12/2024,96.97560976,78.95509246,15.31449407
8/13/2024,97.41463415,77.86909304,15.64873899
8/14/2024,95.51219512,77.37012034,15.55758128
8/15/2024,97.70731707,77.83974171,15.58796718
8/16/2024,97.51219512,77.83974171,15.16256457
8/19/2024,100.097561,80.24655122,15.22333637
8/20/2024,99.51219512,79.54211917,15.19295047
8/21/2024,101.0243902,80.33460522,15.22333637
8/22/2024,103.3658537,80.65746991,14.94986326
8/23/2024,104.2926829,81.59671265,15.34487998
8/26/2024,107.0731707,82.68271206,15.34487998
8/27/2024,105.0731707,82.7120634,15.16256457
8/28/2024,101.0243902,81.3031993,14.40291705
8/29/2024,102.195122,81.36190197,14.64600425
8/30/2024,103.3658537,80.36395656,14.64600425
9/3/2024,103.2195122,79.9823892,14.06867214
9/4/2024,105.3658537,81.3912533,14.28137344
9/5/2024,106.6341463,83.88611682,14.37253115
9/6/2024,102.4390244,82.44790138,15.13217867
9/9/2024,102.9268293,83.94481949,15.22333637
9/10/2024,102.4878049,83.79806281,15.04102097
9/11/2024,100.4390244,82.85882008,15.04102097
9/12/2024,100.4878049,83.94481949,14.88909146
9/13/2024,101.6585366,84.38508952,15.07140687
9/16/2024,99.51219512,83.38714412,14.73716196
9/17/2024,100.4878049,83.91546815,14.64600425
9/18/2024,99.12195122,84.00352216,14.52446065
9/19/2024,98.97560976,83.15233343,14.31175934
9/20/2024,98.14634146,83.1229821,14.46368885
9/23/2024,93.26829268,81.06838861,14.15982984
9/24/2024,96.29268293,81.33255063,13.73442723
9/25/2024,96.04878049,78.83768711,13.30902461
9/26/2024,98.73170732,80.51071324,13.79519903
9/27/2024,99.26829268,81.71411799,13.67365542
9/30/2024,100.0487805,81.71411799,13.82558493
10/1/2024,98.14634146,80.62811858,13.36979641
10/2/2024,99.95121951,80.30525389,13.27863871
10/3/2024,96.68292683,78.33871441,13.46095412
10/4/2024,95.17073171,78.54417376,13.36979641
10/7/2024,96,79.16055181,12.70130659
10/8/2024,94.68292683,79.01379513,12.67092069
10/9/2024,94.3902439,80.27590255,12.36706168
10/10/2024,98.3902439,84.0328735,12.73169249
10/11/2024,105.804878,87.11476372,12.67092069
10/14/2024,103.6585366,85.38303493,12.51899119
10/15/2024,101.4146341,84.26768418,12.61014889
10/16/2024,100.7804878,84.15027884,12.8532361
10/17/2024,101.6585366,84.91341356,12.8228502
10/18/2024,103.2195122,84.44379219,13.24825281
10/21/2024,101.4146341,83.82741415,13.0355515
10/22/2024,100.3414634,83.56325213,13.18748101
10/23/2024,98.68292683,83.18168477,12.883622
10/24/2024,97.90243902,82.80011741,13.24825281
10/25/2024,99.95121951,84.20898151,13.12670921
10/28/2024,100.2439024,86.20487232,13.49134002
10/29/2024,102.4390244,87.05606105,13.49134002
10/30/2024,105.7560976,89.46287056,13.85597083
10/31/2024,118.5365854,87.32022307,13.33941051
11/1/2024,117.3658537,87.61373643,13.70404132
11/4/2024,118,86.79189903,13.21786691
11/5/2024,118.3414634,87.14411506,13.33941051
11/6/2024,120.6341463,90.28470795,13.91674263
11/7/2024,120.5853659,92.66216613,13.06593741
11/8/2024,118.7804878,92.48605812,12.9747797
11/11/2024,120.1463415,95.0396243,13.64326952
11/12/2024,120.195122,96.09627238,13.85597083
11/13/2024,118.2926829,93.36659818,13.85597083
11/14/2024,119.804878,93.86557088,13.88635673
11/15/2024,118.097561,93.45465219,13.61288362
11/18/2024,118.7804878,93.89492222,13.24825281
11/19/2024,121.4634146,98.1802172,13.18748101
11/20/2024,120.8292683,96.24302906,13.49134002
11/21/2024,120.5365854,94.65805694,13.64326952
11/22/2024,122.8780488,95.77340769,13.82558493
11/25/2024,123.1707317,97.59319049,14.76754786
11/26/2024,123.1219512,96.38978574,14.58523245
11/27/2024,126.9756098,100.3228647,15.10179277
11/29/2024,128.3902439,101.3208101,15.04102097
12/2/2024,130.3902439,105.7235104,15.31449407
12/3/2024,128.8292683,104.197241,14.76754786
12/4/2024,125.0731707,103.7276196,14.91947736
12/5/2024,127.902439,104.021133,15.80066849
12/6/2024,126.097561,103.2579982,14.37253115
12/9/2024,124.6341463,97.7692985,13.70404132
12/10/2024,126.1463415,98.64983857,13.52172592
12/11/2024,126.6829268,96.94746111,13.21786691
12/12/2024,126.1463415,96.94746111,13.09632331
12/13/2024,126.9756098,94.39389492,12.70130659
12/16/2024,122.8780488,94.42324626,12.33667578
12/17/2024,123.4146341,92.63281479,12.9140079
12/18/2024,120.2439024,90.75432932,12.30628988
12/19/2024,121.2195122,92.07513942,12.42783349
12/20/2024,119.6097561,90.4901673,12.70130659
12/23/2024,119.0243902,89.4922219,12.51899119
12/24/2024,123.2195122,90.13795128,12.33667578
12/26/2024,123.3658537,89.66832991,12.30628988
12/27/2024,122.3902439,90.84238333,12.15436038
12/30/2024,120.8292683,90.901086,12.06320267
12/31/2024,124.8780488,90.93043733,12.09358857
1/2/2025,122.4878049,90.901086,12.21513218
1/3/2025,122.5853659,91.16524802,12.21513218
1/6/2025,117.1707317,89.60962724,12.33667578
1/7/2025,116.8780488,89.84443792,12.36706168
1/8/2025,114.9756098,89.31611388,12.00243087
1/10/2025,112.5365854,88.52362783,11.54664236
1/13/2025,111.2682927,87.32022307,10.66545123
1/14/2025,112.3414634,86.14616965,9.845031905
1/15/2025,111.1219512,85.26562959,10.66545123
1/16/2025,109.2195122,83.88611682,10.87815254
1/17/2025,113.1219512,84.15027884,10.63506533
1/21/2025,113.4634146,84.59054887,10.57429353
1/22/2025,114.5853659,86.02876431,10.30082042
1/23/2025,115.902439,86.43968301,10.36159222
1/24/2025,114.8780488,85.38303493,10.39197812
1/27/2025,115.6585366,84.29703552,9.875417806
1/28/2025,113.2195122,84.61990021,10.02734731
1/29/2025,114.8780488,85.17757558,9.753874202
1/30/2025,115.0243902,84.67860288,9.541172896
1/31/2025,114.8780488,84.0328735,9.450015193
2/3/2025,117.7073171,85.55914294,9.35885749
2/4/2025,118.8292683,86.49838568,9.601944698
2/5/2025,121.7560976,89.66832991,9.510786995
2/6/2025,123.2195122,90.901086,9.419629292
2/7/2025,123.8536585,91.10654535,9.419629292
2/10/2025,124.195122,91.25330203,9.632330599
2/11/2025,124.1463415,91.78162606,10.05773321
2/12/2025,127.1219512,93.60140886,10.63506533
2/13/2025,130.8780488,95.450543,10.57429353
2/14/2025,131.5609756,95.56794834,10.78699483
2/18/2025,131.804878,97.03551512,11.24278335
2/19/2025,132.7804878,83.85676548,10.84776664
2/20/2025,131.3658537,81.56736131,10.60467943
2/21/2025,126.9756098,80.56941591,10.42236402
2/24/2025,128.1463415,79.27795715,10.20966272
2/25/2025,128.7317073,78.28001174,9.936189608
2/26/2025,125.4146341,76.19606692,9.905803707
2/27/2025,123.6585366,75.34487819,9.784260103
2/28/2025,124.8780488,75.16877018,10.02734731
3/3/2025,122.0487805,71.49985324,9.267699787
3/4/2025,121.7073171,71.55855591,9.35885749
3/5/2025,121.1707317,69.73877311,9.267699787
3/6/2025,119.8536585,69.68007044,9.146156184
3/7/2025,123.2195122,71.61725859,9.298085688
3/10/2025,120.8780488,71.20633989,9.054998481
3/11/2025,118.195122,70.61931318,9.02461258
3/12/2025,117.804878,70.0616378,8.933454877
3/13/2025,116.2926829,70.03228647,8.629595868
3/14/2025,117.5609756,71.17698855,8.811911273
3/17/2025,121.2195122,73.2022307,9.146156184
3/18/2025,118.7317073,73.40769005,9.176542084
3/19/2025,126.4878049,76.60698562,9.237313886
3/20/2025,129.2195122,77.57557969,9.085384382
3/21/2025,130.4878049,76.46022894,9.237313886
3/24/2025,131.6585366,74.46433813,9.35885749
3/25/2025,132.4878049,75.13941884,9.328471589
3/26/2025,133.5121951,76.48958028,9.206927985
3/27/2025,131.8536585,75.55033754,8.994226679
3/28/2025,127.5121951,72.90871735,8.751139471
3/31/2025,128.5365854,73.05547402,8.72075357
4/1/2025,129.6585366,72.02817728,8.447280462
4/2/2025,129.6585366,72.76196067,8.356122759
4/3/2025,125.5121951,73.34898738,8.021877849
4/4/2025,118.6341463,72.14558262,8.05226375
4/7/2025,119.3658537,75.4329322,8.356122759
4/8/2025,110.097561,74.69914881,8.05226375
4/9/2025,114.3414634,78.72028177,8.781525372
4/10/2025,107.4634146,79.77692985,8.872683075
4/11/2025,104.5853659,81.97828001,8.963840778
4/14/2025,105.5609756,81.47930731,8.751139471
4/15/2025,105.6585366,82.74141473,8.994226679
4/16/2025,106.195122,82.27179337,8.508052264
4/17/2025,109.5121951,83.76871148,8.447280462
4/21/2025,108.9756098,83.79806281,8.173807353
4/22/2025,114.6341463,86.32227766,8.264965056
4/23/2025,117.5609756,85.20692692,8.234579155
4/24/2025,113.6097561,85.11887291,8.234579155
4/25/2025,116.5853659,86.70384502,8.234579155
4/28/2025,116.8780488,88.05400646,8.264965056
4/29/2025,119.0243902,87.37892574,8.143421452
4/30/2025,118.6829268,87.78984444,8.113035552
5/1/2025,117.804878,87.73114177,8.05226375
5/2/2025,121.2682927,88.93454652,8.143421452
5/5/2025,118.7317073,87.43762841,8.021877849
5/6/2025,122.097561,90.43146463,8.143421452
5/7/2025,125.1219512,91.48811271,8.234579155
5/8/2025,126.1463415,91.01849134,8.204193254
5/9/2025,126.9268293,91.69357206,8.295350957
5/12/2025,126.4878049,88.99324919,8.295350957
5/13/2025,127.5609756,89.90314059,8.325736858
5/14/2025,128.6341463,91.45876137,8.325736858
5/15/2025,131.3658537,93.54270619,8.538438165
5/16/2025,132.8292683,93.45465219,8.963840778
5/19/2025,132.3902439,92.92632815,8.811911273
5/20/2025,132.2439024,92.75022014,9.146156184
5/21/2025,131.6585366,94.51130026,8.903068976
5/22/2025,131.6585366,95.21573232,9.845031905
5/23/2025,131.5609756,95.24508365,9.845031905
5/27/2025,137.0243902,98.88464925,12.18474628
5/28/2025,135.7560976,97.32902847,10.51352173
5/29/2025,135.2195122,96.74200176,10.39197812
5/30/2025,135.8536585,99.11945994,10.81738074
6/2/2025,135.1219512,97.00616378,10.45274992
6/3/2025,136.2439024,94.83416495,10.11850501
6/4/2025,135.1707317,92.51540945,10.33120632
6/5/2025,134,92.63281479,10.33120632
6/6/2025,134.8780488,94.33519225,10.33120632
6/9/2025,131.8536585,92.2218961,10.17927682
6/10/2025,133.5121951,92.45670678,10.14889091
6/11/2025,134.5365854,94.30584092,9.99696141
6/12/2025,139.5121951,93.42530085,9.510786995
6/13/2025,140.8780488,94.33519225,9.571558797
6/16/2025,142.6341463,93.74816554,9.510786995
6/17/2025,142.2439024,95.39184033,9.115770283
6/18/2025,142.4390244,95.83211036,9.176542084
6/20/2025,138.7317073,93.60140886,9.146156184
6/23/2025,135.6585366,91.16524802,9.085384382
6/24/2025,133.5609756,89.93249193,9.115770283
6/25/2025,131.1707317,88.6703845,9.054998481
6/26/2025,134.3414634,89.31611388,9.176542084
6/27/2025,135.6585366,88.34751981,9.328471589
6/30/2025,136.3902439,88.5823305,9.419629292
7/1/2025,133.3170732,88.34751981,8.568824066
7/2/2025,132.3902439,88.5823305,8.751139471
7/3/2025,133.4146341,90.13795128,8.963840778
7/7/2025,129.7073171,87.64308776,8.659981768
7/8/2025,131.2195122,89.93249193,8.811911273
7/9/2025,128.2926829,84.56119753,8.963840778
7/10/2025,127.6585366,87.61373643,9.115770283
7/11/2025,131.3658537,87.46697975,10.11850501
7/14/2025,136.097561,87.61373643,9.99696141
7/15/2025,135.9512195,87.2615204,9.480401094
7/16/2025,137.9512195,88.05400646,9.6627165
7/17/2025,139.2195122,88.02465512,10.57429353
7/18/2025,138.6341463,88.69973584,10.75660893
7/21/2025,140.4878049,87.32022307,10.45274992
7/22/2025,137.7560976,88.25946581,10.63506533
7/23/2025,141.6097561,89.28676255,10.54390763
7/24/2025,138,85.08952157,10.20966272
7/25/2025,130.9756098,85.23627825,9.875417806
7/28/2025,131.5609756,82.85882008,9.450015193
7/29/2025,126.7804878,81.21514529,8.994226679
7/30/2025,125.1707317,79.9823892,8.842297174
7/31/2025,125.804878,78.86703845,8.811911273
8/1/2025,122.9268293,75.9319049,8.659981768
8/4/2025,123.6585366,75.40358086,8.72075357
8/5/2025,122.8780488,74.84590549,8.629595868
8/6/2025,119.5609756,73.14352803,8.447280462
8/7/2025,120.2439024,73.34898738,8.538438165
8/8/2025,120.7804878,72.82066334,8.903068976
8/11/2025,123.804878,74.25887878,9.206927985
8/12/2025,124.9756098,74.5230408,9.328471589
8/13/2025,125.7073171,76.25476959,9.328471589
8/14/2025,125.1707317,74.34693279,9.237313886
8/15/2025,123.4146341,75.19812151,9.115770283
8/18/2025,125.6097561,76.57763428,8.903068976
8/19/2025,125.1707317,77.69298503,8.690367669
8/20/2025,125.6097561,78.01584972,8.629595868
8/21/2025,126.6829268,76.8417963,8.599209967
8/22/2025,131.9512195,77.92779571,8.963840778
8/25/2025,134.9268293,74.81655415,8.751139471
8/26/2025,135.3170732,75.72644555,8.690367669
8/27/2025,141.2682927,75.16877018,8.629595868
8/28/2025,140.097561,74.5230408,8.599209967
8/29/2025,139.3170732,74.58174347,8.538438165
9/2/2025,142.9268293,75.96125624,8.416894561
9/3/2025,142.5853659,80.59876724,8.234579155
9/4/2025,142.4878049,79.27795715,8.264965056
9/5/2025,145.2682927,79.71822718,8.356122759
9/8/2025,151.2682927,82.68271206,8.599209967
9/9/2025,149.6585366,82.91752275,8.538438165
9/10/2025,151.4634146,83.71000881,8.38650866
9/11/2025,155.1707317,83.82741415,8.508052264
9/12/2025,157.8536585,82.91752275,8.538438165
9/15/2025,159.7560976,81.83152333,8.811911273
9/16/2025,158.4878049,81.03903728,8.811911273
9/17/2025,158,82.18373936,8.568824066
9/18/2025,157.6097561,85.08952157,8.629595868
9/19/2025,155.902439,83.85676548,9.146156184
9/22/2025,159.3170732,83.32844144,9.115770283
9/23/2025,159.1219512,83.94481949,8.994226679
9/24/2025,157.4146341,80.8922806,8.872683075
9/25/2025,158.0487805,82.24244203,8.599209967
9/26/2025,159.0243902,82.24244203,8.781525372
9/29/2025,157.804878,81.65541532,9.115770283
9/30/2025,159.7560976,82.85882008,8.811911273
10/1/2025,160.9268293,79.01379513,8.963840778
10/2/2025,160.9268293,77.22336366,9.571558797
10/3/2025,164.3902439,75.5209862,9.298085688
10/6/2025,162.6829268,78.07455239,8.811911273
10/7/2025,159.8536585,75.57968888,8.629595868
10/8/2025,157.1707317,73.64250073,8.629595868
10/9/2025,155.4634146,76.78309363,8.903068976
10/10/2025,152.195122,79.24860581,8.963840778
10/13/2025,151.6585366,77.78103904,8.72075357
10/14/2025,152.6829268,77.6636337,8.599209967
10/15/2025,154.6829268,78.36806575,8.568824066
10/16/2025,153.9512195,80.04109187,8.356122759
10/17/2025,157.2195122,77.22336366,8.325736858
10/20/2025,158.2439024,77.60493102,8.416894561
10/21/2025,156.3414634,77.48752568,8.781525372
10/22/2025,156.3902439,79.36601115,8.356122759
10/23/2025,158.2439024,78.22130907,8.295350957
10/24/2025,154.6341463,80.09979454,8.173807353
10/27/2025,157.1707317,76.81244497,8.204193254
10/28/2025,159.8536585,79.27795715,8.264965056
10/29/2025,160.5365854,78.48547109,8.082649651
10/30/2025,158.195122,78.51482242,7.718018839
10/31/2025,158.4878049,84.50249486,7.869948344
11/3/2025,159.1707317,85.08952157,7.839562443
11/4/2025,158.6829268,83.88611682,7.626861136
11/5/2025,163.7073171,88.31816848,7.596475235
11/6/2025,167.9512195,89.25741121,7.900334245
11/7/2025,168.195122,88.11270913,7.323002127
11/10/2025,173.9512195,87.90724978,7.474931632
11/11/2025,171.3658537,87.70179043,7.383773929
11/12/2025,175.3170732,86.8506017,7.474931632
11/13/2025,171.2682927,88.5823305,7.11030082
11/14/2025,170.7317073,88.34751981,6.927985415
11/17/2025,171.5609756,85.29498092,6.593740504
11/18/2025,174.6341463,86.55708835,6.624126405
11/19/2025,177.7560976,82.09568535,6.472196901
11/20/2025,172.6829268,82.15438802,6.289881495
11/21/2025,175.804878,80.71617259,6.684898207
11/24/2025,175.6097561,80.36395656,6.684898207
11/25/2025,175.7560976,78.89638979,6.867213613
11/26/2025,179.902439,74.1121221,6.988757217
11/28/2025,180.9756098,67.18520693,7.444545731
12/1/2025,179.7073171,70.03228647,7.140686721
12/2/2025,173.7560976,64.42618139,6.988757217
12/3/2025,162.9756098,68.97563839,6.927985415
12/4/2025,176.7317073,71.96947461,7.079914919
12/5/2025,174.195122,73.75990608,6.897599514
12/8/2025,187.804878,73.52509539,7.049529019
12/9/2025,185.6097561,72.35104197,6.927985415
12/10/2025,185.902439,0,0
12/11/2025,186.8292683,0,0
12/12/2025,186.195122,0,0